type,slug,title,category,status,priority,target_keywords,related_slugs,scheduled_week
blog,how-to-dub-a-movie-with-ai,How to Dub a Movie with AI,Use Case,outlined,P0,"how to dub a movie, AI movie dubbing, dub film AI","ai-dubbing-for-entertainment,how-ai-dubbing-pipeline-works,what-is-ai-dubbing",1
blog,ai-dubbing-for-live-sports-broadcasting,AI Dubbing for Live Sports Broadcasting,Use Case,outlined,P0,"AI dubbing sports, live sports dubbing, sports commentary AI","realtime-translation-for-sports,ai-dubbing-for-sports,what-is-dubstream",1
blog,real-time-translation-for-international-conferences,Real-Time Translation for International Conferences,Use Case,outlined,P0,"real-time translation conference, AI conference interpreter, live translation events","realtime-translation-for-conferences,real-time-ai-dubbing-explained,how-to-set-up-live-dubbing",2
blog,ai-voice-cloning-for-podcast-localization,AI Voice Cloning for Podcast Localization,Use Case,outlined,P0,"voice cloning podcast, podcast translation AI, localize podcast","voice-cloning-for-podcasts,ai-dubbing-for-podcasts,how-to-dub-podcast",2
blog,how-to-localize-your-app-in-50-plus-languages,How to Localize Your App in 50+ Languages,Use Case,outlined,P0,"localize app, app localization AI, multilingual app","app-localization-guide,localization-for-saas,how-to-localize-app",3
blog,ai-dubbing-roi-calculator-cost-savings-breakdown,AI Dubbing ROI Calculator: Cost Savings Breakdown,Business,outlined,P0,"AI dubbing ROI, dubbing cost savings, dubbing calculator","ai-dubbing-cost-analysis,traditional-vs-ai-dubbing-cost,dubbing-roi-calculator",3
blog,what-is-zero-shot-ai-dubbing-technology-explained,What Is Zero-Shot AI Dubbing? Technology Explained,Technical,outlined,P0,"zero-shot dubbing, zero-shot voice cloning, AI dubbing technology","zero-shot-voice-cloning-explained,how-ai-dubbing-pipeline-works,mars8-model-family",4
blog,the-complete-guide-to-ai-localization-in-2026,The Complete Guide to AI Localization in 2026,Strategy,outlined,P0,"AI localization guide, localization 2026, complete localization guide","what-is-ai-localization,content-localization-strategy,localization-market-opportunity",4
blog,ai-dubbing-for-e-learning-localize-courses-at-scale,AI Dubbing for E-Learning: Localize Courses at Scale,Use Case,outlined,P0,"AI dubbing e-learning, online course dubbing, e-learning localization","ai-dubbing-for-elearning,how-to-dub-online-course,voice-cloning-for-elearning",5
blog,voice-cloning-ethics-and-safety-what-you-need-to-know,Voice Cloning Ethics & Safety: What You Need to Know,Trust,outlined,P0,"voice cloning ethics, AI voice safety, voice cloning consent","voice-cloning-ethics,voice-cloning-legal,voice-cloning-deepfake-difference",5
blog,youtube-auto-dubbing-vs-professional-ai-dubbing-tools,How YouTube's Auto-Dubbing Compares to Professional AI Dubbing Tools,Comparison,planned,P0,"YouTube auto dubbing vs professional, YouTube dubbing comparison, auto dub vs CAMB AI","youtube-auto-dubbing-explained,youtube-auto-dubbing-vs-professional,best-ai-dubbing-for-youtube",6
blog,ai-dubbing-transforming-330b-streaming-industry,How AI Dubbing Is Transforming the $330B Streaming Industry,Industry,planned,P0,"AI dubbing streaming, streaming localization, OTT dubbing","streaming-localization-economics,ai-dubbing-for-entertainment,dubbing-market-trends-2026",6
blog,creators-guide-monetizing-content-150-languages,The Creator's Guide to Monetizing Content in 150+ Languages,Creator,planned,P0,"creator localization, monetize multilingual content, global creator economy","ai-dubbing-for-content-creators,how-to-build-multilingual-youtube,voice-cloning-for-content-creators",7
blog,how-imax-uses-ai-to-localize-documentaries,How IMAX Uses AI to Localize Documentaries for Global Audiences,Case Study,planned,P0,"IMAX AI dubbing, IMAX localization, documentary dubbing AI","ai-dubbing-for-documentaries,ai-dubbing-for-entertainment,how-to-dub-documentary",7
blog,inside-mls-first-ai-dubbed-live-sports-broadcast,Inside MLS's First AI-Dubbed Live Sports Broadcast,Case Study,planned,P0,"MLS AI dubbing, MLS live dubbing, sports broadcast AI","ai-dubbing-for-sports,realtime-translation-for-sports,how-real-time-ai-dubbing-works",8
blog,how-fancode-launched-indias-first-ai-multilingual-cricket,How FanCode Launched India's First AI Multilingual Cricket Commentary,Case Study,planned,P0,"FanCode AI dubbing, cricket commentary AI, India sports localization","ai-dubbing-for-sports,ai-dubbing-in-hindi,realtime-translation-for-sports",8
blog,ai-dubbing-for-gaming-localized-voice-acting-drives-revenue,AI Dubbing for Gaming: Why Localized Voice Acting Drives 2-3x Revenue,Industry,planned,P0,"game dubbing AI, game localization voice, gaming voice acting AI","ai-dubbing-for-gaming,voice-cloning-for-gaming,how-to-localize-game",9
blog,how-to-dub-youtube-channel-10-languages-weekend,How to Dub Your YouTube Channel Into 10 Languages in a Weekend,How-To,planned,P0,"dub YouTube channel, YouTube multiple languages, YouTube dubbing tutorial","how-to-dub-youtube-video,ai-dubbing-for-youtube,how-to-build-multilingual-youtube",9
blog,ai-dubbing-for-corporate-training-global-workforce,AI Dubbing for Corporate Training: Reach Your Global Workforce,Industry,planned,P1,"corporate training dubbing, L&D localization, employee training AI","ai-dubbing-for-corporate,ai-dubbing-for-training-videos,ai-dubbing-for-hr-teams",10
blog,how-ligue-1-scaled-football-commentary-new-markets,How Ligue 1 Scaled Football Commentary to New Markets with AI,Case Study,planned,P1,"Ligue 1 AI dubbing, football commentary AI, soccer localization","ai-dubbing-for-sports,realtime-translation-for-sports,ai-dubbing-in-french",10
blog,mars8-vs-elevenlabs-vs-sonic-voice-cloning-benchmarked,MARS8 vs ElevenLabs vs Sonic: Voice Cloning Quality Benchmarked,Technical,planned,P0,"MARS8 vs ElevenLabs, voice cloning benchmark, voice cloning quality comparison","voice-cloning-quality-comparison,camb-ai-vs-elevenlabs,mars8-model-family",11
blog,how-real-time-ai-dubbing-works-dubstream-architecture,How Real-Time AI Dubbing Works: The DubStream Architecture,Technical,planned,P0,"DubStream architecture, real-time dubbing technology, live dubbing how it works","streaming-architecture-dubstream,what-is-dubstream,real-time-ai-dubbing-explained",11
blog,voice-cloning-from-2-3-seconds-audio-mars8-pro,Voice Cloning from 2.3 Seconds of Audio: How MARS8-Pro Works,Technical,planned,P0,"voice cloning 2 seconds, MARS8-Pro, minimal audio voice clone","voice-cloning-from-short-audio,voice-cloning-architecture,mars8-model-family",12
blog,multi-speaker-isolation-overlapping-voices-live-sports,Multi-Speaker Isolation: How AI Handles Overlapping Voices in Live Sports,Technical,planned,P0,"multi-speaker isolation, overlapping voices AI, speaker separation sports","multi-speaker-dubbing,speaker-diarization-explained,ai-dubbing-for-sports",12
blog,on-device-ai-dubbing-mars8-nano-edge-deployment,On-Device AI Dubbing: What MARS8-Nano Means for Edge Deployment,Technical,planned,P1,"MARS8-Nano, on-device dubbing, edge AI dubbing","edge-deployment-ai-dubbing,mars8-model-family,latency-optimization-live-dubbing",13
blog,speech-to-speech-pipeline-how-ai-dubbing-works-end-to-end,The Speech-to-Speech Pipeline: How AI Dubbing Actually Works End-to-End,Technical,planned,P0,"speech to speech pipeline, AI dubbing pipeline, dubbing end to end","how-ai-dubbing-pipeline-works,speech-to-speech-translation,how-does-ai-dubbing-work",13
blog,ai-dubbing-pricing-2026-cost-and-budget,AI Dubbing Pricing in 2026: What It Costs and How to Budget,Business,planned,P0,"AI dubbing pricing 2026, dubbing cost, how much dubbing costs","ai-dubbing-cost-analysis,ai-dubbing-pricing-models,ai-dubbing-cost-per-minute",14
blog,build-vs-buy-in-house-dubbing-or-platform,Build vs Buy: Should You Build In-House Dubbing or Use a Platform?,Business,planned,P0,"build vs buy dubbing, in-house dubbing, dubbing platform","build-vs-buy-dubbing,how-to-choose-dubbing-platform,enterprise-localization-strategy",14
blog,how-to-choose-ai-dubbing-platform-enterprise-buyers-guide,How to Choose an AI Dubbing Platform: The Enterprise Buyer's Guide,Business,planned,P0,"choose dubbing platform, enterprise dubbing buyer guide, dubbing vendor selection","ai-dubbing-for-enterprises,enterprise-localization-strategy,localization-vendor-selection",15
blog,roi-of-video-localization-data-500-enterprise-deployments,The ROI of Video Localization: Data from 500+ Enterprise Deployments,Business,planned,P0,"video localization ROI, enterprise dubbing ROI, localization data","dubbing-roi-calculator,dubbing-for-revenue-growth,localization-roi",15
blog,why-80-percent-online-courses-english-only-how-ai-fixes-that,Why 80% of Online Courses Are English-Only (And How AI Fixes That),Thought Leadership,planned,P1,"online courses English only, e-learning localization gap, course translation","ai-dubbing-for-elearning,how-to-dub-online-course,ai-dubbing-for-educators",16
blog,state-of-ai-dubbing-2026-market-technology-whats-next,The State of AI Dubbing in 2026: Market Technology and What's Next,Thought Leadership,planned,P0,"state of AI dubbing 2026, AI dubbing market, dubbing trends","dubbing-market-trends-2026,localization-market-opportunity,ai-dubbing-quality-2026",16
blog,will-ai-replace-voice-actors-reality-2026,Will AI Replace Voice Actors? The Reality of AI Dubbing in 2026,Thought Leadership,planned,P0,"AI replace voice actors, voice actors AI, future voice acting","voice-actor-displacement,voice-cloning-ethics,ai-dubbing-vs-human-which-better",17
blog,deepfake-concerns-shaping-responsible-voice-cloning,How Deepfake Concerns Are Shaping Responsible Voice Cloning,Thought Leadership,planned,P1,"deepfake voice cloning, responsible AI voice, voice cloning safety","voice-cloning-deepfake-difference,voice-cloning-security,voice-cloning-ethics",17
blog,future-of-live-sports-real-time-ai-commentary-every-language,The Future of Live Sports: Real-Time AI Commentary in Every Language,Thought Leadership,planned,P0,"future live sports AI, real-time sports commentary, multilingual sports","realtime-translation-for-sports,ai-dubbing-for-sports,ai-dubbing-for-esports",18
blog,why-76-percent-consumers-demand-native-language-content,Why 76% of Consumers Demand Native Language Content,Thought Leadership,planned,P0,"native language content demand, consumer language preference, localization statistics","localization-roi,dubbing-for-revenue-growth,localization-for-ecommerce",18
blog,getting-started-with-camb-ai-api-developers-guide,Getting Started with the CAMB AI API: A Developer's Guide,Developer,planned,P0,"CAMB AI API, developer guide CAMB AI, API getting started","how-to-use-camb-ai-python-sdk,how-to-integrate-dubbing-api,what-is-dubbing-api",19
blog,building-multilingual-video-pipeline-camb-ai-sdks,Building a Multilingual Video Pipeline with CAMB AI's SDKs,Developer,planned,P0,"CAMB AI SDK, multilingual video pipeline, dubbing SDK","how-to-use-camb-ai-python-sdk,how-to-use-camb-ai-node-sdk,how-to-batch-dub-video-library",19
blog,how-to-integrate-ai-dubbing-existing-video-workflow,How to Integrate AI Dubbing into Your Existing Video Workflow,Developer,planned,P1,"integrate AI dubbing, dubbing workflow integration, video workflow API","how-to-integrate-dubbing-api,dubbing-workflow-best-practices,api-architecture-dubbing-at-scale",20
blog,real-time-dubbing-srt-rtmp-dubstream-integration-guide,Real-Time Dubbing via SRT/RTMP: A DubStream Integration Guide,Developer,planned,P1,"SRT dubbing, RTMP dubbing, DubStream integration","how-to-set-up-srt-rtmp-dubbing,srt-rtmp-hls-protocols,streaming-architecture-dubstream",20
learn,what-is-ai-dubbing,What Is AI Dubbing?,Fundamentals,planned,P0,"what is AI dubbing, AI dubbing definition","how-does-ai-dubbing-work,ai-dubbing-vs-traditional-dubbing,ai-dubbing-quality-2026",1
learn,how-does-ai-dubbing-work,How Does AI Dubbing Work?,Fundamentals,planned,P0,"how does AI dubbing work, AI dubbing process","what-is-ai-dubbing,how-ai-dubbing-pipeline-works,speech-to-speech-translation",1
learn,ai-dubbing-vs-traditional-dubbing,AI Dubbing vs Traditional Dubbing: Key Differences,Fundamentals,planned,P0,"AI dubbing vs traditional, AI vs human dubbing","what-is-ai-dubbing,traditional-vs-ai-dubbing-cost,ai-dubbing-vs-human-which-better",1
learn,ai-dubbing-vs-subtitles,AI Dubbing vs Subtitles: Which Is Better?,Fundamentals,planned,P0,"dubbing vs subtitles, AI dubbing or subtitles","what-is-ai-dubbing,subtitle-translation-vs-dubbing,ai-dubbing-vs-voiceover",2
learn,ai-dubbing-vs-voiceover,AI Dubbing vs Voiceover: What Is the Difference?,Fundamentals,planned,P1,"dubbing vs voiceover, AI voiceover","ai-dubbing-vs-subtitles,what-is-ai-dubbing,ai-dubbing-for-video",2
learn,ai-dubbing-quality-2026,How Good Is AI Dubbing Quality in 2026?,Fundamentals,planned,P0,"AI dubbing quality, is AI dubbing good","what-is-ai-dubbing,does-ai-dubbing-sound-robotic,is-ai-dubbing-good-enough",2
learn,ai-dubbing-cost-per-minute,How Much Does AI Dubbing Cost Per Minute?,Fundamentals,planned,P0,"AI dubbing cost per minute, dubbing pricing","ai-dubbing-cost-analysis,traditional-vs-ai-dubbing-cost,how-much-does-video-dubbing-cost",2
learn,ai-dubbing-accuracy,How Accurate Is AI Dubbing Translation?,Fundamentals,planned,P1,"AI dubbing accuracy, AI translation accuracy","ai-dubbing-quality-2026,how-to-measure-dubbing-quality,model-evaluation-dubbing",3
learn,real-time-ai-dubbing-explained,What Is Real-Time AI Dubbing?,Fundamentals,planned,P0,"real-time AI dubbing, live dubbing AI","what-is-dubstream,async-vs-realtime-dubbing,can-ai-do-real-time-translation",3
learn,async-vs-realtime-dubbing,Async vs Real-Time AI Dubbing: When to Use Each,Fundamentals,planned,P1,"async dubbing vs real-time, batch vs live dubbing","real-time-ai-dubbing-explained,what-is-dubstream,what-is-dubstudio",3
learn,ai-dubbing-for-video,AI Dubbing for Video: Complete Overview,Fundamentals,planned,P1,"AI video dubbing, dub video AI","what-is-ai-dubbing,video-localization-explained,how-to-translate-video-to-another-language",3
learn,ai-dubbing-for-audio,AI Dubbing for Audio-Only Content,Fundamentals,planned,P1,"AI audio dubbing, audio translation AI","audio-localization-explained,ai-dubbing-for-podcasts,ai-dubbing-for-audiobooks",4
learn,ai-dubbing-for-live-streaming,AI Dubbing for Live Streaming,Fundamentals,planned,P0,"live stream dubbing, live streaming translation","what-is-dubstream,real-time-ai-dubbing-explained,ai-dubbing-for-twitch",4
learn,what-is-dubstream,What Is DubStream? Real-Time Dubbing Explained,Fundamentals,planned,P0,"DubStream, CAMB AI DubStream","real-time-ai-dubbing-explained,how-to-use-dubstream,streaming-architecture-dubstream",4
learn,what-is-dubstudio,What Is DubStudio? Post-Production Dubbing,Fundamentals,planned,P0,"DubStudio, CAMB AI DubStudio","how-to-use-dubstudio,what-is-dubstream,how-to-dub-with-camb-ai",4
learn,ai-dubbing-languages-supported,What Languages Does AI Dubbing Support?,Fundamentals,planned,P0,"AI dubbing languages, dubbing language list","what-languages-can-ai-dub,ai-dubbing-in-spanish,how-to-localize-content-150-languages",5
learn,voice-preservation-in-dubbing,How AI Preserves Your Voice Across Languages,Fundamentals,planned,P0,"voice preservation dubbing, keep voice dubbing","voice-cloning-for-dubbing,can-ai-preserve-voice-other-language,how-voice-cloning-works",5
learn,emotion-transfer-in-ai-dubbing,How AI Transfers Emotion and Tone in Dubbing,Fundamentals,planned,P1,"emotion dubbing AI, emotional AI dubbing","emotion-detection-dubbing,prosody-transfer-deep-dive,what-is-expressive-tts",5
learn,multi-speaker-dubbing,How AI Handles Multiple Speakers in Dubbing,Fundamentals,planned,P1,"multi-speaker dubbing, multiple voices dubbing","speaker-diarization-explained,multi-speaker-isolation-overlapping-voices-live-sports,ai-dubbing-for-video",5
learn,ambient-sound-preservation,How AI Preserves Background Audio During Dubbing,Fundamentals,planned,P2,"ambient sound dubbing, background audio preservation","noise-reduction-in-dubbing,how-does-ai-dubbing-work,audio-codec-quality",6
learn,ai-dubbing-turnaround-time,How Long Does AI Dubbing Take?,Fundamentals,planned,P1,"AI dubbing time, how fast AI dubbing","ai-dubbing-cost-per-minute,async-vs-realtime-dubbing,what-is-dubstream",6
learn,ai-dubbing-file-formats,What File Formats Does AI Dubbing Support?,Fundamentals,planned,P2,"dubbing file formats, video formats AI dubbing","how-to-dub-with-camb-ai,audio-codec-quality,sample-rate-and-bitrate",6
learn,youtube-auto-dubbing-explained,What Is YouTube Auto-Dubbing?,Fundamentals,planned,P0,"YouTube auto dubbing, YouTube automatic dubbing","youtube-auto-dubbing-vs-professional,ai-dubbing-for-youtube,youtube-dubbing-how-to",6
learn,youtube-auto-dubbing-vs-professional,YouTube Auto-Dubbing vs Professional AI Dubbing Tools,Fundamentals,planned,P0,"YouTube dubbing vs professional, YouTube vs CAMB AI","youtube-auto-dubbing-explained,best-ai-dubbing-for-youtube,ai-dubbing-quality-2026",7
learn,ai-dubbing-for-short-form,AI Dubbing for Short-Form Video: TikTok Reels and Shorts,Fundamentals,planned,P1,"AI dubbing TikTok, dub Reels Shorts","ai-dubbing-for-tiktok,ai-dubbing-for-instagram,how-to-dub-tiktok-video",7
learn,what-is-dubbing-api,What Is a Dubbing API?,Fundamentals,planned,P1,"dubbing API, AI dubbing API","how-to-integrate-dubbing-api,best-dubbing-api,tts-api-guide",7
learn,ai-dubbing-for-podcasts,AI Dubbing for Podcasts: How It Works,Fundamentals,planned,P1,"podcast dubbing AI, translate podcast","ai-dubbing-for-podcasters,how-to-dub-podcast,how-to-create-multilingual-podcast",7
learn,ai-dubbing-for-audiobooks,AI Dubbing for Audiobooks: Localize at Scale,Fundamentals,planned,P1,"audiobook dubbing, audiobook localization AI","voice-cloning-for-audiobooks,ai-dubbing-for-audio,how-to-dub-podcast",8
learn,does-ai-dubbing-sound-robotic,Does AI Dubbing Sound Robotic?,Fundamentals,planned,P0,"AI dubbing robotic, AI dubbing natural","ai-dubbing-quality-2026,is-ai-dubbing-good-enough,what-is-expressive-tts",8
learn,ai-dubbing-script-or-no-script,Do You Need a Script for AI Dubbing?,Fundamentals,planned,P1,"AI dubbing script, dubbing without script","how-does-ai-dubbing-work,transcription-for-dubbing,how-to-dub-with-camb-ai",8
learn,what-is-voice-cloning,What Is Voice Cloning?,Voice Cloning,planned,P0,"what is voice cloning, AI voice cloning","how-voice-cloning-works,zero-shot-voice-cloning-explained,voice-cloning-ethics",2
learn,how-voice-cloning-works,How Does AI Voice Cloning Work?,Voice Cloning,planned,P0,"how voice cloning works, voice cloning technology","what-is-voice-cloning,voice-cloning-architecture,voice-cloning-from-short-audio",2
learn,zero-shot-voice-cloning-explained,What Is Zero-Shot Voice Cloning?,Voice Cloning,planned,P0,"zero-shot voice cloning, instant voice clone","what-is-voice-cloning,voice-cloning-from-short-audio,glossary-zero-shot",3
learn,voice-cloning-vs-text-to-speech,Voice Cloning vs Text-to-Speech: Key Differences,Voice Cloning,planned,P1,"voice cloning vs TTS, clone vs synthesize","what-is-voice-cloning,what-is-text-to-speech,tts-vs-voice-cloning",3
learn,voice-cloning-from-short-audio,How Little Audio Do You Need to Clone a Voice?,Voice Cloning,planned,P0,"voice cloning minimum audio, 2 second voice clone","what-is-voice-cloning,voice-cloning-accuracy,mars8-model-family",3
learn,voice-cloning-accuracy,How Accurate Is AI Voice Cloning?,Voice Cloning,planned,P1,"voice cloning accuracy, speaker similarity score","voice-cloning-quality-comparison,voice-cloning-from-short-audio,model-evaluation-dubbing",4
learn,voice-cloning-ethics,Is Voice Cloning Ethical? Consent and Safety Guide,Voice Cloning,planned,P0,"voice cloning ethics, voice cloning consent","voice-cloning-legal,voice-cloning-deepfake-difference,voice-cloning-security",4
learn,voice-cloning-legal,Is Voice Cloning Legal? Regulations by Country,Voice Cloning,planned,P0,"voice cloning legal, voice cloning law, EU AI Act voice","voice-cloning-ethics,dubbing-compliance-regulations,voice-cloning-security",4
learn,voice-cloning-for-dubbing,How Voice Cloning Enables Natural Dubbing,Voice Cloning,planned,P0,"voice cloning dubbing, clone voice for translation","voice-preservation-in-dubbing,what-is-voice-cloning,how-to-clone-voice-for-dubbing",5
learn,voice-cloning-for-podcasts,Voice Cloning for Podcasters: Speak in Every Language,Voice Cloning,planned,P1,"voice cloning podcast, podcast voice clone","ai-dubbing-for-podcasters,how-to-dub-podcast,voice-cloning-for-content-creators",5
learn,voice-cloning-for-audiobooks,Voice Cloning for Audiobooks: Scale Narration,Voice Cloning,planned,P1,"voice cloning audiobook, audiobook narrator clone","ai-dubbing-for-audiobooks,voice-cloning-use-cases,how-voice-cloning-works",6
learn,voice-cloning-for-elearning,Voice Cloning for E-Learning: Instructor Voice Preservation,Voice Cloning,planned,P1,"voice cloning e-learning, instructor voice clone","ai-dubbing-for-elearning,ai-dubbing-for-educators,how-to-dub-online-course",6
learn,voice-cloning-for-marketing,Voice Cloning for Marketing and Advertising,Voice Cloning,planned,P2,"voice cloning marketing, brand voice clone","voice-cloning-for-advertising,how-to-preserve-brand-voice,ai-dubbing-for-advertising",7
learn,voice-cloning-deepfake-difference,Voice Cloning vs Deepfakes: What Is the Difference?,Voice Cloning,planned,P1,"voice cloning vs deepfake, is voice cloning deepfake","voice-cloning-ethics,voice-cloning-security,voice-cloning-legal",7
learn,voice-cloning-security,How to Prevent Unauthorized Voice Cloning,Voice Cloning,planned,P1,"voice cloning security, protect voice from cloning","voice-cloning-ethics,voice-cloning-legal,speaker-verification-explained",8
learn,voice-embeddings-explained,What Are Voice Embeddings?,Voice Cloning,planned,P2,"voice embeddings, speaker embeddings AI","speaker-embedding-models,speaker-verification-explained,how-voice-cloning-works",8
learn,speaker-verification-explained,What Is Speaker Verification?,Voice Cloning,planned,P2,"speaker verification, voice identity AI","voice-embeddings-explained,voice-cloning-security,speaker-embedding-models",9
learn,voice-cloning-quality-comparison,Voice Cloning Quality: MARS8 vs ElevenLabs vs Competitors,Voice Cloning,planned,P0,"voice cloning quality comparison, best voice clone","camb-ai-vs-elevenlabs,mars8-model-family,voice-cloning-accuracy",9
learn,voice-cloning-use-cases,10 Real-World Voice Cloning Use Cases,Voice Cloning,planned,P1,"voice cloning use cases, voice cloning applications","what-is-voice-cloning,voice-cloning-for-dubbing,voice-cloning-for-content-creators",10
learn,voice-cloning-for-content-creators,Voice Cloning for Content Creators: Go Global with Your Voice,Voice Cloning,planned,P1,"creator voice cloning, content creator voice clone","ai-dubbing-for-content-creators,how-to-build-multilingual-youtube,voice-cloning-for-podcasts",10
learn,what-is-ai-translation,What Is AI Translation?,Translation,planned,P0,"AI translation, what is AI translation","what-is-ai-localization,translation-vs-localization,what-is-neural-machine-translation",3
learn,what-is-ai-localization,What Is AI Localization?,Translation,planned,P0,"AI localization, what is localization AI","what-is-ai-translation,translation-vs-localization,content-localization-strategy",3
learn,translation-vs-localization,Translation vs Localization: What Is the Difference?,Translation,planned,P0,"translation vs localization, localize vs translate","what-is-ai-translation,what-is-ai-localization,what-is-transcreation",3
learn,what-is-transcreation,What Is Transcreation?,Translation,planned,P1,"transcreation, creative translation","translation-vs-localization,localization-vs-transcreation,cultural-adaptation-in-dubbing",4
learn,localization-vs-transcreation,Localization vs Transcreation: When to Use Each,Translation,planned,P2,"localization vs transcreation","what-is-transcreation,translation-vs-localization,content-localization-strategy",4
learn,what-is-neural-machine-translation,What Is Neural Machine Translation (NMT)?,Translation,planned,P1,"neural machine translation, NMT","what-is-ai-translation,neural-machine-translation-architecture,glossary-nmt",5
learn,real-time-ai-translation,What Is Real-Time AI Translation?,Translation,planned,P0,"real-time AI translation, live AI translation","real-time-ai-dubbing-explained,can-ai-do-real-time-translation,simultaneous-interpretation-vs-ai",5
learn,speech-to-speech-translation,What Is Speech-to-Speech Translation?,Translation,planned,P0,"speech to speech translation, S2ST","how-does-ai-dubbing-work,how-ai-dubbing-pipeline-works,what-is-ai-voice-translation",5
learn,ai-translation-accuracy-2026,How Accurate Is AI Translation in 2026?,Translation,planned,P1,"AI translation accuracy, machine translation quality","ai-dubbing-accuracy,model-evaluation-dubbing,how-to-measure-dubbing-quality",6
learn,app-localization-guide,How to Localize an App for Global Markets,Translation,planned,P1,"app localization, localize app AI","how-to-localize-app,localization-for-saas,multilingual-seo",6
learn,website-localization-guide,How to Localize a Website with AI,Translation,planned,P1,"website localization, localize website","how-to-localize-website,multilingual-seo,hreflang-tags-explained",6
learn,game-localization-guide,How to Localize a Video Game with AI,Translation,planned,P1,"game localization, video game translation","ai-dubbing-for-gaming,how-to-localize-game,voice-cloning-for-gaming",7
learn,video-localization-explained,What Is Video Localization?,Translation,planned,P0,"video localization, localize video","what-is-ai-dubbing,ai-dubbing-for-video,how-to-translate-video-to-another-language",7
learn,audio-localization-explained,What Is Audio Localization?,Translation,planned,P1,"audio localization, localize audio content","ai-dubbing-for-audio,ai-dubbing-for-podcasts,video-localization-explained",7
learn,content-localization-strategy,How to Build a Content Localization Strategy,Translation,planned,P1,"localization strategy, content localization plan","enterprise-localization-strategy,content-globalization-playbook,localization-workflow",8
learn,localization-roi,What Is the ROI of Content Localization?,Translation,planned,P0,"localization ROI, return on localization","dubbing-roi-calculator,dubbing-for-revenue-growth,traditional-vs-ai-dubbing-cost",8
learn,localization-vs-dubbing,Localization vs Dubbing: Relationship Explained,Translation,planned,P2,"localization vs dubbing","what-is-ai-localization,what-is-ai-dubbing,translation-vs-localization",9
learn,cultural-adaptation-in-dubbing,What Is Cultural Adaptation in Dubbing?,Translation,planned,P1,"cultural adaptation dubbing, cultural localization","what-is-transcreation,how-to-handle-dubbing-edge-cases,localization-testing",9
learn,rtl-language-localization,Localizing for Right-to-Left Languages,Translation,planned,P2,"RTL localization, Arabic localization, Hebrew localization","ai-dubbing-in-arabic,ai-dubbing-in-hebrew,tonal-language-dubbing",10
learn,tonal-language-dubbing,AI Dubbing for Tonal Languages: Challenges and Solutions,Translation,planned,P2,"tonal language dubbing, Mandarin dubbing, Thai dubbing","ai-dubbing-in-mandarin,ai-dubbing-in-thai,what-is-prosody",10
learn,multilingual-seo,What Is Multilingual SEO?,Translation,planned,P1,"multilingual SEO, international SEO","hreflang-tags-explained,website-localization-guide,content-localization-strategy",11
learn,hreflang-tags-explained,What Are Hreflang Tags?,Translation,planned,P2,"hreflang tags, hreflang SEO","multilingual-seo,website-localization-guide,localization-testing",11
learn,localization-testing,How to Test Localized Content Quality,Translation,planned,P2,"localization testing, QA localization","how-to-quality-check-dubbed-content,how-to-measure-dubbing-quality,localization-workflow",12
learn,human-in-the-loop-dubbing,What Is Human-in-the-Loop AI Dubbing?,Translation,planned,P1,"human in the loop dubbing, AI plus human dubbing","how-to-quality-check-dubbed-content,ai-dubbing-quality-2026,what-is-dubstudio",12
learn,localization-workflow,What Does a Localization Workflow Look Like?,Translation,planned,P1,"localization workflow, localization process","content-localization-strategy,dubbing-workflow-best-practices,localization-testing",12
learn,localization-for-ecommerce,Localization for E-Commerce: Why 60% Won't Buy in English,Translation,planned,P1,"ecommerce localization, online store localization","localization-roi,dubbing-for-revenue-growth,website-localization-guide",13
learn,localization-for-saas,Localization for SaaS Products,Translation,planned,P1,"SaaS localization, software localization","app-localization-guide,localization-for-ecommerce,how-to-localize-app",13
learn,localization-market-opportunity,Global Localization Market: Size and Opportunity by Region,Translation,planned,P1,"localization market size, localization industry","dubbing-market-trends-2026,localization-market-by-region,content-globalization-playbook",14
learn,simultaneous-interpretation-vs-ai,AI Translation vs Human Simultaneous Interpretation,Translation,planned,P1,"AI vs human interpreter, AI simultaneous translation","real-time-ai-translation,realtime-translation-for-conferences,ai-dubbing-vs-traditional-dubbing",14
learn,subtitle-translation-vs-dubbing,Subtitle Translation vs AI Dubbing: Pros and Cons,Translation,planned,P0,"subtitles vs dubbing, subtitle or dub","ai-dubbing-vs-subtitles,what-is-ai-dubbing,video-localization-explained",14
learn,what-is-text-to-speech,What Is Text-to-Speech (TTS)?,TTS-STT,planned,P1,"text to speech, what is TTS","what-is-neural-tts,tts-vs-voice-cloning,glossary-tts",5
learn,what-is-neural-tts,What Is Neural Text-to-Speech?,TTS-STT,planned,P1,"neural TTS, neural text to speech","what-is-text-to-speech,tts-engines-compared,mars8-model-family",5
learn,tts-vs-voice-cloning,TTS vs Voice Cloning: What Is the Difference?,TTS-STT,planned,P1,"TTS vs voice cloning, text to speech vs cloning","what-is-text-to-speech,what-is-voice-cloning,voice-cloning-vs-text-to-speech",6
learn,what-is-speech-to-text,What Is Speech-to-Text (STT)?,TTS-STT,planned,P1,"speech to text, what is STT, transcription","what-is-asr,transcription-for-dubbing,glossary-stt",6
learn,what-is-asr,What Is Automatic Speech Recognition (ASR)?,TTS-STT,planned,P2,"ASR, automatic speech recognition","what-is-speech-to-text,transcription-for-dubbing,glossary-asr",7
learn,tts-engines-compared,TTS Engines Compared: MARS8 vs Competitors,TTS-STT,planned,P0,"TTS comparison, best text to speech","mars8-model-family,best-tts-engines-2026,what-is-neural-tts",7
learn,tts-for-dubbing,How TTS Powers AI Dubbing,TTS-STT,planned,P1,"TTS dubbing, text to speech dubbing","how-does-ai-dubbing-work,what-is-text-to-speech,how-ai-dubbing-pipeline-works",8
learn,tts-for-accessibility,TTS for Accessibility: Making Content Available to Everyone,TTS-STT,planned,P2,"TTS accessibility, text to speech accessibility","voice-cloning-for-accessibility,what-is-text-to-speech,tts-voices-explained",8
learn,tts-voices-explained,How Are AI TTS Voices Created?,TTS-STT,planned,P2,"TTS voices, AI voice creation","what-is-voice-synthesis,what-is-generative-voice,what-is-neural-tts",9
learn,tts-latency,What Is TTS Latency and Why Does It Matter?,TTS-STT,planned,P2,"TTS latency, time to first byte TTS","latency-optimization-live-dubbing,glossary-time-to-first-byte,glossary-latency",9
learn,what-is-expressive-tts,What Is Expressive Text-to-Speech?,TTS-STT,planned,P1,"expressive TTS, emotional TTS","emotion-transfer-in-ai-dubbing,what-is-prosody,what-is-neural-tts",10
learn,what-is-generative-voice,What Are Generative Voices?,TTS-STT,planned,P1,"generative voices, AI voice generation","what-is-voice-synthesis,tts-voices-explained,what-is-neural-tts",10
learn,transcription-for-dubbing,How Transcription Powers the Dubbing Pipeline,TTS-STT,planned,P2,"transcription dubbing, ASR for dubbing","what-is-speech-to-text,what-is-asr,how-ai-dubbing-pipeline-works",11
learn,what-is-prosody,What Is Prosody in Speech?,TTS-STT,planned,P1,"prosody, speech prosody, prosody transfer","prosody-transfer-explained,glossary-prosody,what-is-expressive-tts",11
learn,prosody-transfer-explained,What Is Prosody Transfer in AI Dubbing?,TTS-STT,planned,P1,"prosody transfer, tone transfer AI","what-is-prosody,prosody-transfer-deep-dive,emotion-transfer-in-ai-dubbing",11
learn,what-is-phoneme,What Is a Phoneme?,TTS-STT,planned,P2,"phoneme, phonemes in TTS","glossary-phoneme,text-normalization-tts,what-is-prosody",12
learn,tts-for-multilingual-content,Using TTS for Multilingual Content Creation,TTS-STT,planned,P1,"multilingual TTS, TTS multiple languages","tts-engines-compared,ai-dubbing-languages-supported,how-to-localize-content-150-languages",12
learn,what-is-voice-synthesis,What Is Voice Synthesis?,TTS-STT,planned,P2,"voice synthesis, speech synthesis","what-is-text-to-speech,what-is-generative-voice,glossary-tts",13
learn,mars8-model-family,The MARS8 Model Family Explained,TTS-STT,planned,P0,"MARS8, CAMB AI MARS8, MARS8 models","tts-engines-compared,voice-cloning-quality-comparison,open-source-dubbing-models",13
learn,tts-api-guide,How to Use a TTS API for Your Application,TTS-STT,planned,P1,"TTS API, text to speech API","what-is-dubbing-api,how-to-integrate-dubbing-api,how-to-use-camb-ai-python-sdk",14
learn,ai-lip-sync-explained,What Is AI Lip Sync?,Lip Sync,planned,P1,"AI lip sync, lip sync technology","visual-dubbing-technology,lip-sync-vs-audio-only,how-ai-lip-sync-works",8
learn,visual-dubbing-technology,What Is Visual Dubbing?,Lip Sync,planned,P1,"visual dubbing, video dubbing lip sync","ai-lip-sync-explained,lip-sync-for-film,lip-sync-accuracy",8
learn,lip-sync-vs-audio-only,Lip Sync vs Audio-Only Dubbing: When Does It Matter?,Lip Sync,planned,P1,"lip sync vs audio dubbing","ai-lip-sync-explained,ai-dubbing-for-video,visual-dubbing-technology",9
learn,how-ai-lip-sync-works,How Does AI Lip Sync Work?,Lip Sync,planned,P2,"how lip sync works, AI lip sync technology","ai-lip-sync-explained,facial-animation-dubbing,talking-head-generation",9
learn,lip-sync-accuracy,How Accurate Is AI Lip Sync in 2026?,Lip Sync,planned,P2,"lip sync accuracy, lip sync quality","ai-lip-sync-explained,how-ai-lip-sync-works,ai-dubbing-quality-2026",10
learn,lip-sync-for-film,AI Lip Sync for Film and TV,Lip Sync,planned,P2,"lip sync film, movie lip sync AI","visual-dubbing-technology,ai-dubbing-for-entertainment,how-to-dub-a-movie",10
learn,lip-sync-for-social-media,AI Lip Sync for Social Media Videos,Lip Sync,planned,P2,"lip sync TikTok, lip sync Reels","ai-dubbing-for-short-form,ai-dubbing-for-tiktok,ai-dubbing-for-instagram",11
learn,talking-head-generation,What Is AI Talking Head Generation?,Lip Sync,planned,P2,"talking head AI, AI talking head","ai-lip-sync-explained,facial-animation-dubbing,visual-dubbing-technology",11
learn,facial-animation-dubbing,Facial Animation in AI Dubbing,Lip Sync,planned,P2,"facial animation dubbing, face animation AI","how-ai-lip-sync-works,talking-head-generation,lip-sync-for-film",12
learn,youtube-lip-sync-dubbing,YouTube's Lip-Sync Feature vs Dedicated Tools,Lip Sync,planned,P1,"YouTube lip sync, YouTube dubbing lip sync","youtube-auto-dubbing-vs-professional,ai-lip-sync-explained,lip-sync-accuracy",12
learn,ai-dubbing-for-entertainment,AI Dubbing for Entertainment and Film Studios,Industry,planned,P0,"AI dubbing entertainment, film dubbing AI","ai-dubbing-for-studios,how-to-dub-a-movie,lip-sync-for-film",5
learn,ai-dubbing-for-sports,AI Dubbing for Sports Broadcasting,Industry,planned,P0,"AI dubbing sports, sports commentary dubbing","realtime-translation-for-sports,ai-dubbing-for-esports,ai-dubbing-for-broadcasters",5
learn,ai-dubbing-for-elearning,AI Dubbing for E-Learning and Online Courses,Industry,planned,P0,"AI dubbing e-learning, online course dubbing","ai-dubbing-for-educators,how-to-dub-online-course,voice-cloning-for-elearning",6
learn,ai-dubbing-for-gaming,AI Dubbing for Video Games,Industry,planned,P0,"AI dubbing gaming, game voice localization","ai-dubbing-for-game-studios,how-to-localize-game,voice-cloning-for-gaming",6
learn,ai-dubbing-for-news-media,AI Dubbing for News and Media,Industry,planned,P1,"AI dubbing news, news broadcast dubbing","ai-dubbing-for-news-organizations,realtime-translation-for-news,ai-dubbing-for-broadcasters",7
learn,ai-dubbing-for-corporate,AI Dubbing for Corporate Communications,Industry,planned,P1,"corporate dubbing, internal comms dubbing","ai-dubbing-for-training-videos,ai-dubbing-for-hr-teams,how-to-dub-corporate-video",7
learn,ai-dubbing-for-podcasts-industry,AI Dubbing for Podcast Localization,Industry,planned,P1,"podcast dubbing, localize podcast AI","ai-dubbing-for-podcasters,how-to-dub-podcast,how-to-create-multilingual-podcast",8
learn,ai-dubbing-for-customer-support,AI Dubbing for Customer Support Videos,Industry,planned,P1,"customer support dubbing, support video localization","voice-cloning-for-customer-support,ai-dubbing-for-product-demos,ai-dubbing-for-corporate",8
learn,ai-dubbing-for-advertising,AI Dubbing for Advertising and Marketing,Industry,planned,P1,"ad dubbing AI, marketing video localization","ai-dubbing-for-marketers,voice-cloning-for-advertising,how-to-dub-ad",9
learn,ai-dubbing-for-healthcare,AI Dubbing for Healthcare and Medical Content,Industry,planned,P2,"healthcare dubbing, medical content localization","ai-dubbing-for-government,ai-dubbing-for-legal,ai-dubbing-for-corporate",9
learn,ai-dubbing-for-legal,AI Dubbing for Legal and Compliance Content,Industry,planned,P2,"legal dubbing, legal video translation","dubbing-compliance-regulations,ai-dubbing-for-healthcare,ai-dubbing-for-government",10
learn,ai-dubbing-for-government,AI Dubbing for Government and Public Services,Industry,planned,P2,"government dubbing, public service localization","ai-dubbing-for-government-persona,ai-dubbing-for-legal,ai-dubbing-for-healthcare",10
learn,ai-dubbing-for-religious-content,AI Dubbing for Religious and Faith-Based Content,Industry,planned,P2,"religious content dubbing, sermon translation","how-to-dub-sermon,ai-dubbing-for-nonprofits,ai-dubbing-for-audio",11
learn,ai-dubbing-for-tourism,AI Dubbing for Tourism and Hospitality,Industry,planned,P2,"tourism dubbing, travel content localization","ai-dubbing-for-advertising,video-localization-explained,localization-for-ecommerce",11
learn,ai-dubbing-for-music-videos,AI Dubbing for Music Videos,Industry,planned,P2,"music video dubbing, song localization AI","ai-dubbing-for-entertainment,ai-dubbing-for-short-form,ai-dubbing-for-audio",12
learn,ai-dubbing-for-documentaries,AI Dubbing for Documentaries,Industry,planned,P1,"documentary dubbing AI, documentary localization","how-to-dub-documentary,ai-dubbing-for-entertainment,ai-dubbing-for-studios",12
learn,ai-dubbing-for-youtube,AI Dubbing for YouTube Creators,Industry,planned,P0,"YouTube dubbing, dub YouTube videos","how-to-dub-youtube-video,best-ai-dubbing-for-youtube,how-to-build-multilingual-youtube",6
learn,ai-dubbing-for-tiktok,AI Dubbing for TikTok Creators,Industry,planned,P1,"TikTok dubbing, dub TikTok videos","how-to-dub-tiktok-video,ai-dubbing-for-short-form,ai-dubbing-for-instagram",7
learn,ai-dubbing-for-instagram,AI Dubbing for Instagram Reels,Industry,planned,P2,"Instagram Reels dubbing, dub Reels","how-to-dub-instagram-reel,ai-dubbing-for-short-form,ai-dubbing-for-tiktok",8
learn,ai-dubbing-for-twitch,AI Dubbing for Twitch Streamers,Industry,planned,P2,"Twitch dubbing, live stream translation Twitch","ai-dubbing-for-live-streaming,ai-dubbing-for-esports,realtime-translation-for-sports",9
learn,ai-dubbing-for-webinars,AI Dubbing for Webinars and Virtual Events,Industry,planned,P1,"webinar dubbing, virtual event translation","how-to-dub-webinar-recording,realtime-translation-for-webinars,realtime-translation-for-conferences",9
learn,ai-dubbing-for-training-videos,AI Dubbing for Employee Training Videos,Industry,planned,P1,"training video dubbing, L&D localization","ai-dubbing-for-hr-teams,how-to-dub-corporate-video,ai-dubbing-for-corporate",10
learn,ai-dubbing-for-product-demos,AI Dubbing for Product Demos and Sales Videos,Industry,planned,P1,"product demo dubbing, sales video localization","ai-dubbing-for-advertising,ai-dubbing-for-marketers,how-to-expand-to-new-markets",10
learn,ai-dubbing-for-investor-relations,AI Dubbing for Investor Relations and Earnings Calls,Industry,planned,P2,"investor relations dubbing, earnings call translation","ai-dubbing-for-corporate,ai-dubbing-for-enterprises,ai-dubbing-for-legal",11
learn,ai-dubbing-for-esports,AI Dubbing for Esports Broadcasts,Industry,planned,P1,"esports dubbing, esports commentary translation","ai-dubbing-for-sports,realtime-translation-for-sports,ai-dubbing-for-twitch",11
learn,voice-cloning-for-film,Voice Cloning for Film: Preserve Actor Performances,Industry,planned,P1,"voice cloning film, actor voice clone","ai-dubbing-for-entertainment,lip-sync-for-film,voice-cloning-for-dubbing",12
learn,voice-cloning-for-gaming,Voice Cloning for Game Voice Acting,Industry,planned,P1,"voice cloning gaming, game character voice clone","ai-dubbing-for-gaming,voice-cloning-use-cases,ai-dubbing-for-game-studios",13
learn,voice-cloning-for-advertising,Voice Cloning for Ad Localization at Scale,Industry,planned,P2,"voice cloning ads, ad voice localization","ai-dubbing-for-advertising,voice-cloning-for-marketing,how-to-dub-ad",13
learn,voice-cloning-for-accessibility,Voice Cloning for Accessibility Applications,Industry,planned,P2,"voice cloning accessibility, voice banking","tts-for-accessibility,voice-cloning-use-cases,glossary-voice-banking",14
learn,voice-cloning-for-customer-support,Voice Cloning for IVR and Customer Support,Industry,planned,P2,"voice cloning IVR, customer service voice AI","ai-dubbing-for-customer-support,voice-cloning-use-cases,voice-cloning-for-advertising",14
learn,realtime-translation-for-conferences,Real-Time AI Translation for Conferences,Industry,planned,P1,"conference translation AI, event translation real-time","simultaneous-interpretation-vs-ai,how-to-set-up-live-dubbing,real-time-ai-translation",7
learn,realtime-translation-for-sports,Real-Time AI Translation for Sports Broadcasting,Industry,planned,P0,"sports translation real-time, live sports dubbing","ai-dubbing-for-sports,streaming-architecture-dubstream,what-is-dubstream",7
learn,realtime-translation-for-news,Real-Time AI Translation for News Broadcasting,Industry,planned,P1,"news translation real-time, live news dubbing","ai-dubbing-for-news-media,realtime-translation-for-sports,ai-dubbing-for-broadcasters",8
learn,realtime-translation-for-webinars,Real-Time AI Translation for Webinars,Industry,planned,P2,"webinar translation real-time, live webinar dubbing","ai-dubbing-for-webinars,realtime-translation-for-conferences,how-to-dub-webinar-recording",9
learn,realtime-translation-for-customer-calls,Real-Time AI Translation for Customer Calls,Industry,planned,P2,"customer call translation, real-time phone translation","voice-cloning-for-customer-support,ai-dubbing-for-customer-support,real-time-ai-translation",10
learn,ai-dubbing-in-spanish,AI Dubbing in Spanish: Latin American and European,Language,planned,P0,"Spanish dubbing AI, dub to Spanish","english-to-spanish-dubbing,ai-dubbing-languages-supported,ai-dubbing-in-portuguese",3
learn,ai-dubbing-in-hindi,AI Dubbing in Hindi,Language,planned,P0,"Hindi dubbing AI, dub to Hindi","english-to-hindi-dubbing,ai-dubbing-languages-supported,ai-dubbing-in-tamil",3
learn,ai-dubbing-in-japanese,AI Dubbing in Japanese,Language,planned,P0,"Japanese dubbing AI, dub to Japanese","english-to-japanese-dubbing,japanese-to-english-dubbing,how-to-dub-anime",3
learn,ai-dubbing-in-korean,AI Dubbing in Korean,Language,planned,P0,"Korean dubbing AI, dub to Korean","english-to-korean-dubbing,korean-to-english-dubbing,how-to-dub-kdrama",4
learn,ai-dubbing-in-arabic,AI Dubbing in Arabic,Language,planned,P0,"Arabic dubbing AI, dub to Arabic","english-to-arabic-dubbing,arabic-to-english-dubbing,rtl-language-localization",4
learn,ai-dubbing-in-portuguese,AI Dubbing in Portuguese: Brazilian and European,Language,planned,P0,"Portuguese dubbing AI, dub to Portuguese","english-to-portuguese-dubbing,portuguese-to-english-dubbing,ai-dubbing-in-spanish",4
learn,ai-dubbing-in-french,AI Dubbing in French,Language,planned,P0,"French dubbing AI, dub to French","english-to-french-dubbing,french-to-english-dubbing,ai-dubbing-in-german",5
learn,ai-dubbing-in-german,AI Dubbing in German,Language,planned,P0,"German dubbing AI, dub to German","english-to-german-dubbing,german-to-english-dubbing,ai-dubbing-in-french",5
learn,ai-dubbing-in-mandarin,AI Dubbing in Mandarin Chinese,Language,planned,P0,"Mandarin dubbing AI, Chinese dubbing AI","english-to-mandarin-dubbing,mandarin-to-english-dubbing,tonal-language-dubbing",5
learn,ai-dubbing-in-italian,AI Dubbing in Italian,Language,planned,P1,"Italian dubbing AI, dub to Italian","english-to-italian-dubbing,ai-dubbing-in-french,ai-dubbing-in-spanish",6
learn,ai-dubbing-in-russian,AI Dubbing in Russian,Language,planned,P1,"Russian dubbing AI, dub to Russian","english-to-russian-dubbing,ai-dubbing-in-polish,ai-dubbing-languages-supported",6
learn,ai-dubbing-in-turkish,AI Dubbing in Turkish,Language,planned,P1,"Turkish dubbing AI, dub to Turkish","english-to-turkish-dubbing,ai-dubbing-in-arabic,ai-dubbing-languages-supported",7
learn,ai-dubbing-in-thai,AI Dubbing in Thai,Language,planned,P1,"Thai dubbing AI, dub to Thai","english-to-thai-dubbing,tonal-language-dubbing,ai-dubbing-in-vietnamese",7
learn,ai-dubbing-in-vietnamese,AI Dubbing in Vietnamese,Language,planned,P1,"Vietnamese dubbing AI, dub to Vietnamese","english-to-vietnamese-dubbing,ai-dubbing-in-thai,ai-dubbing-in-indonesian",8
learn,ai-dubbing-in-indonesian,AI Dubbing in Indonesian,Language,planned,P1,"Indonesian dubbing AI, dub to Indonesian","english-to-indonesian-dubbing,ai-dubbing-in-malay,ai-dubbing-in-filipino",8
learn,ai-dubbing-in-malay,AI Dubbing in Malay,Language,planned,P2,"Malay dubbing AI, dub to Malay","ai-dubbing-in-indonesian,ai-dubbing-in-filipino,ai-dubbing-languages-supported",9
learn,ai-dubbing-in-polish,AI Dubbing in Polish,Language,planned,P2,"Polish dubbing AI, dub to Polish","ai-dubbing-in-czech,ai-dubbing-in-russian,ai-dubbing-languages-supported",9
learn,ai-dubbing-in-dutch,AI Dubbing in Dutch,Language,planned,P2,"Dutch dubbing AI, dub to Dutch","ai-dubbing-in-german,ai-dubbing-in-swedish,ai-dubbing-languages-supported",10
learn,ai-dubbing-in-swedish,AI Dubbing in Swedish,Language,planned,P2,"Swedish dubbing AI, dub to Swedish","ai-dubbing-in-dutch,ai-dubbing-in-german,ai-dubbing-languages-supported",10
learn,ai-dubbing-in-tamil,AI Dubbing in Tamil,Language,planned,P1,"Tamil dubbing AI, dub to Tamil","english-to-tamil-dubbing,ai-dubbing-in-hindi,ai-dubbing-in-telugu",8
learn,ai-dubbing-in-telugu,AI Dubbing in Telugu,Language,planned,P2,"Telugu dubbing AI, dub to Telugu","english-to-telugu-dubbing,ai-dubbing-in-tamil,ai-dubbing-in-hindi",9
learn,ai-dubbing-in-bengali,AI Dubbing in Bengali,Language,planned,P1,"Bengali dubbing AI, dub to Bengali","english-to-bengali-dubbing,ai-dubbing-in-hindi,ai-dubbing-in-urdu",9
learn,ai-dubbing-in-urdu,AI Dubbing in Urdu,Language,planned,P2,"Urdu dubbing AI, dub to Urdu","english-to-urdu-dubbing,ai-dubbing-in-hindi,ai-dubbing-in-arabic",10
learn,ai-dubbing-in-swahili,AI Dubbing in Swahili,Language,planned,P2,"Swahili dubbing AI, dub to Swahili","english-to-swahili-dubbing,ai-dubbing-languages-supported,ai-dubbing-in-arabic",11
learn,ai-dubbing-in-filipino,AI Dubbing in Filipino,Language,planned,P2,"Filipino dubbing AI, dub to Filipino","english-to-filipino-dubbing,ai-dubbing-in-indonesian,ai-dubbing-in-malay",11
learn,ai-dubbing-in-hebrew,AI Dubbing in Hebrew,Language,planned,P2,"Hebrew dubbing AI, dub to Hebrew","rtl-language-localization,ai-dubbing-in-arabic,ai-dubbing-languages-supported",12
learn,ai-dubbing-in-greek,AI Dubbing in Greek,Language,planned,P2,"Greek dubbing AI, dub to Greek","ai-dubbing-in-italian,ai-dubbing-in-turkish,ai-dubbing-languages-supported",12
learn,ai-dubbing-in-czech,AI Dubbing in Czech,Language,planned,P2,"Czech dubbing AI, dub to Czech","ai-dubbing-in-polish,ai-dubbing-in-hungarian,ai-dubbing-languages-supported",13
learn,ai-dubbing-in-romanian,AI Dubbing in Romanian,Language,planned,P2,"Romanian dubbing AI, dub to Romanian","ai-dubbing-in-hungarian,ai-dubbing-in-italian,ai-dubbing-languages-supported",13
learn,ai-dubbing-in-hungarian,AI Dubbing in Hungarian,Language,planned,P2,"Hungarian dubbing AI, dub to Hungarian","ai-dubbing-in-czech,ai-dubbing-in-romanian,ai-dubbing-languages-supported",14
learn,english-to-spanish-dubbing,English to Spanish AI Dubbing,Language Pair,planned,P0,"English to Spanish dubbing, translate English to Spanish video","ai-dubbing-in-spanish,spanish-to-english-dubbing,how-to-dub-a-movie",3
learn,english-to-hindi-dubbing,English to Hindi AI Dubbing,Language Pair,planned,P0,"English to Hindi dubbing, translate English to Hindi video","ai-dubbing-in-hindi,hindi-to-english-dubbing,ai-dubbing-languages-supported",3
learn,english-to-japanese-dubbing,English to Japanese AI Dubbing,Language Pair,planned,P0,"English to Japanese dubbing","ai-dubbing-in-japanese,japanese-to-english-dubbing,how-to-dub-anime",4
learn,english-to-korean-dubbing,English to Korean AI Dubbing,Language Pair,planned,P0,"English to Korean dubbing","ai-dubbing-in-korean,korean-to-english-dubbing,how-to-dub-kdrama",4
learn,english-to-arabic-dubbing,English to Arabic AI Dubbing,Language Pair,planned,P0,"English to Arabic dubbing","ai-dubbing-in-arabic,arabic-to-english-dubbing,rtl-language-localization",4
learn,english-to-portuguese-dubbing,English to Portuguese AI Dubbing,Language Pair,planned,P0,"English to Portuguese dubbing","ai-dubbing-in-portuguese,portuguese-to-english-dubbing,ai-dubbing-in-spanish",5
learn,english-to-french-dubbing,English to French AI Dubbing,Language Pair,planned,P0,"English to French dubbing","ai-dubbing-in-french,french-to-english-dubbing,ai-dubbing-languages-supported",5
learn,english-to-german-dubbing,English to German AI Dubbing,Language Pair,planned,P0,"English to German dubbing","ai-dubbing-in-german,german-to-english-dubbing,ai-dubbing-languages-supported",5
learn,english-to-mandarin-dubbing,English to Mandarin AI Dubbing,Language Pair,planned,P0,"English to Chinese dubbing, English to Mandarin dubbing","ai-dubbing-in-mandarin,mandarin-to-english-dubbing,tonal-language-dubbing",6
learn,english-to-italian-dubbing,English to Italian AI Dubbing,Language Pair,planned,P1,"English to Italian dubbing","ai-dubbing-in-italian,ai-dubbing-languages-supported,english-to-french-dubbing",6
learn,english-to-russian-dubbing,English to Russian AI Dubbing,Language Pair,planned,P1,"English to Russian dubbing","ai-dubbing-in-russian,ai-dubbing-languages-supported,english-to-german-dubbing",7
learn,english-to-turkish-dubbing,English to Turkish AI Dubbing,Language Pair,planned,P1,"English to Turkish dubbing","ai-dubbing-in-turkish,english-to-arabic-dubbing,ai-dubbing-languages-supported",7
learn,english-to-thai-dubbing,English to Thai AI Dubbing,Language Pair,planned,P1,"English to Thai dubbing","ai-dubbing-in-thai,tonal-language-dubbing,english-to-vietnamese-dubbing",8
learn,english-to-vietnamese-dubbing,English to Vietnamese AI Dubbing,Language Pair,planned,P1,"English to Vietnamese dubbing","ai-dubbing-in-vietnamese,english-to-thai-dubbing,english-to-indonesian-dubbing",8
learn,english-to-indonesian-dubbing,English to Indonesian AI Dubbing,Language Pair,planned,P1,"English to Indonesian dubbing","ai-dubbing-in-indonesian,english-to-vietnamese-dubbing,ai-dubbing-languages-supported",9
learn,spanish-to-english-dubbing,Spanish to English AI Dubbing,Language Pair,planned,P0,"Spanish to English dubbing","english-to-spanish-dubbing,ai-dubbing-in-spanish,how-to-dub-telenovela",6
learn,hindi-to-english-dubbing,Hindi to English AI Dubbing,Language Pair,planned,P1,"Hindi to English dubbing","english-to-hindi-dubbing,ai-dubbing-in-hindi,ai-dubbing-languages-supported",7
learn,japanese-to-english-dubbing,Japanese to English AI Dubbing,Language Pair,planned,P1,"Japanese to English dubbing, anime dubbing AI","english-to-japanese-dubbing,how-to-dub-anime,ai-dubbing-in-japanese",7
learn,korean-to-english-dubbing,Korean to English AI Dubbing,Language Pair,planned,P1,"Korean to English dubbing, K-drama dubbing AI","english-to-korean-dubbing,how-to-dub-kdrama,ai-dubbing-in-korean",8
learn,french-to-english-dubbing,French to English AI Dubbing,Language Pair,planned,P1,"French to English dubbing","english-to-french-dubbing,ai-dubbing-in-french,ai-dubbing-languages-supported",8
learn,german-to-english-dubbing,German to English AI Dubbing,Language Pair,planned,P2,"German to English dubbing","english-to-german-dubbing,ai-dubbing-in-german,ai-dubbing-languages-supported",9
learn,arabic-to-english-dubbing,Arabic to English AI Dubbing,Language Pair,planned,P1,"Arabic to English dubbing","english-to-arabic-dubbing,ai-dubbing-in-arabic,rtl-language-localization",9
learn,portuguese-to-english-dubbing,Portuguese to English AI Dubbing,Language Pair,planned,P2,"Portuguese to English dubbing","english-to-portuguese-dubbing,ai-dubbing-in-portuguese,ai-dubbing-languages-supported",10
learn,english-to-tamil-dubbing,English to Tamil AI Dubbing,Language Pair,planned,P1,"English to Tamil dubbing","ai-dubbing-in-tamil,english-to-hindi-dubbing,ai-dubbing-languages-supported",10
learn,english-to-bengali-dubbing,English to Bengali AI Dubbing,Language Pair,planned,P2,"English to Bengali dubbing","ai-dubbing-in-bengali,english-to-hindi-dubbing,ai-dubbing-languages-supported",11
learn,english-to-telugu-dubbing,English to Telugu AI Dubbing,Language Pair,planned,P2,"English to Telugu dubbing","ai-dubbing-in-telugu,english-to-tamil-dubbing,ai-dubbing-languages-supported",11
learn,mandarin-to-english-dubbing,Mandarin to English AI Dubbing,Language Pair,planned,P1,"Chinese to English dubbing","english-to-mandarin-dubbing,ai-dubbing-in-mandarin,ai-dubbing-languages-supported",12
learn,english-to-filipino-dubbing,English to Filipino AI Dubbing,Language Pair,planned,P2,"English to Filipino dubbing","ai-dubbing-in-filipino,english-to-indonesian-dubbing,ai-dubbing-languages-supported",12
learn,english-to-swahili-dubbing,English to Swahili AI Dubbing,Language Pair,planned,P2,"English to Swahili dubbing","ai-dubbing-in-swahili,ai-dubbing-languages-supported,english-to-arabic-dubbing",13
learn,english-to-urdu-dubbing,English to Urdu AI Dubbing,Language Pair,planned,P2,"English to Urdu dubbing","ai-dubbing-in-urdu,english-to-hindi-dubbing,ai-dubbing-languages-supported",13
learn,how-to-dub-a-movie,How to Dub a Movie with AI: Step-by-Step,How-To,planned,P0,"how to dub a movie, movie dubbing tutorial","ai-dubbing-for-entertainment,how-does-ai-dubbing-work,lip-sync-for-film",5
learn,how-to-dub-youtube-video,How to Dub a YouTube Video into Multiple Languages,How-To,planned,P0,"dub YouTube video, YouTube dubbing tutorial","ai-dubbing-for-youtube,how-to-build-multilingual-youtube,best-ai-dubbing-for-youtube",5
learn,how-to-dub-podcast,How to Dub a Podcast Episode with AI,How-To,planned,P1,"dub podcast, podcast translation how-to","ai-dubbing-for-podcasters,how-to-create-multilingual-podcast,voice-cloning-for-podcasts",6
learn,how-to-dub-online-course,How to Dub an Online Course for Global Students,How-To,planned,P1,"dub online course, localize course tutorial","ai-dubbing-for-elearning,ai-dubbing-for-educators,voice-cloning-for-elearning",6
learn,how-to-dub-corporate-video,How to Dub a Corporate Training Video,How-To,planned,P1,"dub corporate video, training video translation","ai-dubbing-for-corporate,ai-dubbing-for-training-videos,ai-dubbing-for-hr-teams",7
learn,how-to-dub-documentary,How to Dub a Documentary with AI,How-To,planned,P1,"dub documentary, documentary translation","ai-dubbing-for-documentaries,how-to-dub-a-movie,ai-dubbing-for-entertainment",7
learn,how-to-dub-ad,How to Dub an Advertisement for International Markets,How-To,planned,P1,"dub ad, ad localization tutorial","ai-dubbing-for-advertising,voice-cloning-for-advertising,how-to-localize-marketing-content",8
learn,how-to-dub-tiktok-video,How to Dub a TikTok Video into Another Language,How-To,planned,P1,"dub TikTok, TikTok dubbing tutorial","ai-dubbing-for-tiktok,ai-dubbing-for-short-form,how-to-dub-instagram-reel",8
learn,how-to-dub-instagram-reel,How to Dub an Instagram Reel with AI,How-To,planned,P2,"dub Instagram Reel, Reel translation","ai-dubbing-for-instagram,how-to-dub-tiktok-video,ai-dubbing-for-short-form",9
learn,how-to-set-up-live-dubbing,How to Set Up Real-Time AI Dubbing for a Live Event,How-To,planned,P0,"set up live dubbing, real-time dubbing setup","what-is-dubstream,how-to-use-dubstream,how-to-set-up-srt-rtmp-dubbing",6
learn,how-to-integrate-dubbing-api,How to Integrate a Dubbing API into Your App,How-To,planned,P0,"dubbing API integration, CAMB AI API setup","what-is-dubbing-api,how-to-use-camb-ai-python-sdk,tts-api-guide",6
learn,how-to-clone-voice-for-dubbing,How to Clone Your Voice for Multilingual Dubbing,How-To,planned,P0,"clone voice dubbing, voice clone for translation","voice-cloning-for-dubbing,voice-cloning-from-short-audio,how-to-dub-with-camb-ai",7
learn,how-to-choose-dubbing-platform,How to Choose the Right AI Dubbing Platform,How-To,planned,P0,"choose dubbing platform, best dubbing tool","best-ai-dubbing-tools-2026,camb-ai-vs-elevenlabs,best-video-localization-platforms",7
learn,how-to-localize-app,How to Localize Your App with AI Translation,How-To,planned,P1,"localize app, app localization guide","app-localization-guide,localization-for-saas,multilingual-seo",8
learn,how-to-localize-game,How to Localize a Video Game with AI Dubbing,How-To,planned,P1,"localize game, game localization guide","game-localization-guide,ai-dubbing-for-gaming,best-game-localization-tools",8
learn,how-to-localize-website,How to Localize Your Website for International Markets,How-To,planned,P1,"localize website, website translation guide","website-localization-guide,multilingual-seo,hreflang-tags-explained",9
learn,how-to-localize-marketing-content,How to Localize Marketing Content Across Regions,How-To,planned,P1,"localize marketing, marketing localization","ai-dubbing-for-advertising,how-to-preserve-brand-voice,ai-dubbing-for-marketers",9
learn,how-to-measure-dubbing-quality,How to Measure AI Dubbing Quality (MOS BLEU COMET),How-To,planned,P1,"measure dubbing quality, MOS score dubbing","model-evaluation-dubbing,benchmark-dubbing-tools,ai-dubbing-quality-2026",10
learn,how-to-set-up-srt-rtmp-dubbing,How to Set Up SRT/RTMP Streams for Live Dubbing,How-To,planned,P1,"SRT dubbing, RTMP live dubbing setup","srt-rtmp-hls-protocols,streaming-architecture-dubstream,how-to-use-dubstream",10
learn,how-to-dub-anime,How to Dub Anime with AI,How-To,planned,P0,"dub anime AI, anime dubbing","ai-dubbing-in-japanese,japanese-to-english-dubbing,ai-dubbing-for-entertainment",7
learn,how-to-dub-kdrama,How to Dub K-Dramas with AI,How-To,planned,P0,"dub K-drama, Korean drama dubbing","ai-dubbing-in-korean,korean-to-english-dubbing,ai-dubbing-for-entertainment",7
learn,how-to-dub-telenovela,How to Dub a Telenovela with AI,How-To,planned,P2,"dub telenovela, Spanish drama dubbing","ai-dubbing-in-spanish,spanish-to-english-dubbing,ai-dubbing-for-entertainment",10
learn,how-to-dub-sermon,How to Dub a Sermon or Religious Content,How-To,planned,P2,"dub sermon, religious content translation","ai-dubbing-for-religious-content,ai-dubbing-for-audio,how-to-dub-with-camb-ai",11
learn,how-to-build-multilingual-youtube,How to Build a Multilingual YouTube Channel with AI,How-To,planned,P0,"multilingual YouTube, YouTube multiple languages","ai-dubbing-for-youtube,how-to-dub-youtube-video,best-ai-dubbing-for-youtube",6
learn,how-to-expand-to-new-markets,How to Use AI Dubbing to Expand to New Markets,How-To,planned,P1,"expand markets dubbing, market expansion localization","dubbing-for-revenue-growth,content-globalization-playbook,localization-roi",10
learn,how-to-dub-with-camb-ai,How to Dub with CAMB AI: Complete Getting Started Guide,How-To,planned,P0,"CAMB AI tutorial, how to use CAMB AI","how-to-use-dubstudio,how-to-use-dubstream,how-to-integrate-dubbing-api",5
learn,how-to-use-dubstudio,How to Use DubStudio: Step-by-Step Tutorial,How-To,planned,P0,"DubStudio tutorial, DubStudio how-to","what-is-dubstudio,how-to-dub-with-camb-ai,how-to-quality-check-dubbed-content",5
learn,how-to-use-dubstream,How to Use DubStream for Live Translation,How-To,planned,P0,"DubStream tutorial, DubStream how-to","what-is-dubstream,how-to-set-up-live-dubbing,how-to-set-up-srt-rtmp-dubbing",6
learn,how-to-quality-check-dubbed-content,How to QA and Review AI-Dubbed Content,How-To,planned,P1,"QA dubbing, review dubbed content","how-to-measure-dubbing-quality,localization-testing,human-in-the-loop-dubbing",10
learn,how-to-handle-dubbing-edge-cases,How to Handle Edge Cases in AI Dubbing (Idioms Songs Names),How-To,planned,P2,"dubbing edge cases, idiom translation dubbing","cultural-adaptation-in-dubbing,how-to-quality-check-dubbed-content,localization-testing",11
learn,how-to-dub-with-make-com,How to Automate AI Dubbing with Make.com,How-To,planned,P1,"CAMB AI Make.com, dubbing automation","how-to-integrate-dubbing-api,how-to-batch-dub-video-library,dubbing-workflow-best-practices",11
learn,how-to-use-camb-ai-python-sdk,How to Use the CAMB AI Python SDK,How-To,planned,P0,"CAMB AI Python SDK, Python dubbing API","how-to-use-camb-ai-node-sdk,how-to-integrate-dubbing-api,tts-api-guide",8
learn,how-to-use-camb-ai-node-sdk,How to Use the CAMB AI Node.js SDK,How-To,planned,P1,"CAMB AI Node SDK, Node.js dubbing API","how-to-use-camb-ai-python-sdk,how-to-integrate-dubbing-api,tts-api-guide",9
learn,how-to-batch-dub-video-library,How to Batch Dub an Entire Video Library,How-To,planned,P1,"batch dubbing, bulk video dubbing","how-to-dub-with-make-com,dubbing-workflow-best-practices,how-to-integrate-dubbing-api",10
learn,how-to-preserve-brand-voice,How to Preserve Your Brand Voice Across Languages,How-To,planned,P1,"brand voice localization, consistent brand voice","voice-cloning-for-marketing,how-to-localize-marketing-content,voice-preservation-in-dubbing",11
learn,pre-dubbing-checklist,The Pre-Dubbing Checklist: Preparing Content for AI Translation,How-To,planned,P1,"pre-dubbing checklist, dubbing preparation","dubbing-workflow-best-practices,how-to-dub-with-camb-ai,how-to-quality-check-dubbed-content",11
learn,how-to-dub-webinar-recording,How to Dub a Webinar Recording for Global Audiences,How-To,planned,P2,"dub webinar, webinar localization","ai-dubbing-for-webinars,how-to-dub-corporate-video,realtime-translation-for-webinars",12
learn,how-to-create-multilingual-podcast,How to Create a Multilingual Podcast with AI,How-To,planned,P1,"multilingual podcast, podcast AI translation","how-to-dub-podcast,ai-dubbing-for-podcasters,voice-cloning-for-podcasts",12
learn,dubbing-workflow-best-practices,AI Dubbing Workflow Best Practices for Teams,How-To,planned,P1,"dubbing workflow, dubbing best practices","localization-workflow,pre-dubbing-checklist,how-to-quality-check-dubbed-content",12
learn,how-to-dub-user-generated-content,How to Dub User-Generated Content at Scale,How-To,planned,P2,"dub UGC, UGC localization","how-to-batch-dub-video-library,ai-dubbing-for-short-form,ai-dubbing-for-youtube",13
learn,camb-ai-vs-elevenlabs,CAMB AI vs ElevenLabs: Feature-by-Feature Comparison,Comparison,planned,P0,"CAMB AI vs ElevenLabs, ElevenLabs vs CAMB","elevenlabs-alternative,voice-cloning-quality-comparison,best-ai-dubbing-tools-2026",3
learn,camb-ai-vs-rask-ai,CAMB AI vs Rask AI: Which AI Dubbing Platform Is Better?,Comparison,planned,P0,"CAMB AI vs Rask AI, Rask vs CAMB","rask-ai-alternative,best-ai-dubbing-tools-2026,best-video-localization-platforms",3
learn,camb-ai-vs-heygen,CAMB AI vs HeyGen: Real Voice vs AI Avatars,Comparison,planned,P0,"CAMB AI vs HeyGen, HeyGen vs CAMB","heygen-alternative,best-ai-dubbing-tools-2026,voice-cloning-quality-comparison",4
learn,camb-ai-vs-deepl,CAMB AI vs DeepL: Video Dubbing vs Text Translation,Comparison,planned,P1,"CAMB AI vs DeepL, DeepL dubbing","deepl-alternative-video,best-ai-translation-tools-2026,what-is-ai-translation",5
learn,camb-ai-vs-synthesia,CAMB AI vs Synthesia: Dubbing vs Avatar Videos,Comparison,planned,P1,"CAMB AI vs Synthesia","synthesia-alternative,camb-ai-vs-heygen,best-video-localization-platforms",5
learn,camb-ai-vs-papercup,CAMB AI vs Papercup (RWS): AI Dubbing Comparison,Comparison,planned,P1,"CAMB AI vs Papercup","papercup-alternative,best-ai-dubbing-tools-2026,camb-ai-vs-deepdub",6
learn,camb-ai-vs-deepdub,CAMB AI vs Deepdub: Enterprise Dubbing Compared,Comparison,planned,P1,"CAMB AI vs Deepdub","camb-ai-vs-papercup,best-ai-dubbing-for-enterprises,ai-dubbing-for-enterprises",6
learn,camb-ai-vs-murf,CAMB AI vs Murf AI,Comparison,planned,P2,"CAMB AI vs Murf","best-tts-engines-2026,tts-engines-compared,camb-ai-vs-elevenlabs",8
learn,camb-ai-vs-resemble,CAMB AI vs Resemble AI,Comparison,planned,P2,"CAMB AI vs Resemble AI","voice-cloning-quality-comparison,camb-ai-vs-elevenlabs,best-voice-cloning-tools-2026",8
learn,camb-ai-vs-speechify,CAMB AI vs Speechify,Comparison,planned,P2,"CAMB AI vs Speechify","best-tts-engines-2026,tts-engines-compared,camb-ai-vs-murf",9
learn,camb-ai-vs-dubverse,CAMB AI vs Dubverse,Comparison,planned,P1,"CAMB AI vs Dubverse","dubverse-alternative,best-ai-dubbing-tools-2026,camb-ai-vs-rask-ai",7
learn,rask-ai-vs-elevenlabs,Rask AI vs ElevenLabs: AI Dubbing Comparison,Comparison,planned,P1,"Rask AI vs ElevenLabs","camb-ai-vs-rask-ai,camb-ai-vs-elevenlabs,best-ai-dubbing-tools-2026",8
learn,heygen-vs-synthesia,HeyGen vs Synthesia: AI Video Platform Comparison,Comparison,planned,P1,"HeyGen vs Synthesia","camb-ai-vs-heygen,camb-ai-vs-synthesia,best-video-localization-platforms",9
learn,elevenlabs-vs-deepdub,ElevenLabs vs Deepdub: Voice Cloning and Dubbing,Comparison,planned,P2,"ElevenLabs vs Deepdub","camb-ai-vs-elevenlabs,camb-ai-vs-deepdub,voice-cloning-quality-comparison",10
learn,rask-ai-vs-heygen,Rask AI vs HeyGen: Which Is Better for Video?,Comparison,planned,P2,"Rask vs HeyGen","camb-ai-vs-rask-ai,camb-ai-vs-heygen,best-video-localization-platforms",10
learn,elevenlabs-alternative,Best ElevenLabs Alternative for AI Dubbing,Alternative,planned,P0,"ElevenLabs alternative, better than ElevenLabs","camb-ai-vs-elevenlabs,best-ai-dubbing-tools-2026,best-elevenlabs-alternative-dubbing",4
learn,rask-ai-alternative,Best Rask AI Alternative for Video Dubbing,Alternative,planned,P0,"Rask AI alternative","camb-ai-vs-rask-ai,best-ai-dubbing-tools-2026,best-rask-ai-alternative",4
learn,heygen-alternative,Best HeyGen Alternative for Video Localization,Alternative,planned,P0,"HeyGen alternative","camb-ai-vs-heygen,best-video-localization-platforms,best-heygen-alternative-dubbing",5
learn,deepl-alternative-video,Best DeepL Alternative for Video Translation,Alternative,planned,P1,"DeepL alternative video","camb-ai-vs-deepl,best-ai-translation-tools-2026,best-video-localization-platforms",6
learn,synthesia-alternative,Best Synthesia Alternative for Localized Video,Alternative,planned,P1,"Synthesia alternative","camb-ai-vs-synthesia,camb-ai-vs-heygen,best-video-localization-platforms",7
learn,papercup-alternative,Best Papercup Alternative After RWS Acquisition,Alternative,planned,P1,"Papercup alternative","camb-ai-vs-papercup,best-ai-dubbing-tools-2026,camb-ai-vs-deepdub",8
learn,dubverse-alternative,Best Dubverse Alternative for AI Dubbing,Alternative,planned,P2,"Dubverse alternative","camb-ai-vs-dubverse,best-ai-dubbing-tools-2026,camb-ai-vs-rask-ai",9
learn,best-ai-dubbing-tools-2026,Best AI Dubbing Tools in 2026: Complete Ranking,Review,planned,P0,"best AI dubbing tools, top dubbing platforms 2026","what-is-the-best-ai-dubbing-tool,how-to-choose-dubbing-platform,camb-ai-vs-elevenlabs",4
learn,best-voice-cloning-tools-2026,Best Voice Cloning Tools in 2026,Review,planned,P0,"best voice cloning tools, top voice cloning","voice-cloning-quality-comparison,what-is-voice-cloning,camb-ai-vs-elevenlabs",4
learn,best-ai-translation-tools-2026,Best AI Translation Tools in 2026,Review,planned,P1,"best AI translation tools","best-video-localization-platforms,camb-ai-vs-deepl,what-is-ai-translation",5
learn,best-video-localization-platforms,Best Video Localization Platforms Compared,Review,planned,P0,"best video localization, localization platform","best-ai-dubbing-tools-2026,how-to-choose-dubbing-platform,video-localization-explained",5
learn,best-realtime-translation-tools,Best Real-Time Translation Tools in 2026,Review,planned,P0,"best real-time translation, live translation tools","real-time-ai-translation,what-is-dubstream,best-ai-dubbing-tools-2026",6
learn,best-ai-dubbing-tools-free,Best Free AI Dubbing Tools in 2026,Review,planned,P0,"free AI dubbing, free dubbing tool","best-free-dubbing-tool,best-ai-dubbing-tools-2026,youtube-auto-dubbing-explained",6
learn,best-tts-engines-2026,Best Text-to-Speech Engines in 2026,Review,planned,P1,"best TTS, top text to speech","tts-engines-compared,mars8-model-family,what-is-neural-tts",7
learn,best-dubbing-api,Best Dubbing APIs for Developers in 2026,Review,planned,P1,"best dubbing API, dubbing API comparison","what-is-dubbing-api,how-to-integrate-dubbing-api,ai-dubbing-for-developers",8
learn,best-ai-dubbing-for-youtube,Best AI Dubbing Tools for YouTube Creators,Review,planned,P0,"best YouTube dubbing, YouTube dubbing tool","ai-dubbing-for-youtube,how-to-dub-youtube-video,youtube-auto-dubbing-vs-professional",7
learn,best-ai-dubbing-for-enterprises,Best AI Dubbing Platforms for Enterprise,Review,planned,P1,"enterprise dubbing, best enterprise dubbing","ai-dubbing-for-enterprises,ai-dubbing-for-enterprise-teams,enterprise-localization-strategy",8
learn,best-podcast-dubbing-tools,Best AI Tools for Podcast Dubbing,Review,planned,P1,"podcast dubbing tools, best podcast translation","ai-dubbing-for-podcasters,how-to-dub-podcast,how-to-create-multilingual-podcast",9
learn,best-game-localization-tools,Best AI Tools for Game Localization,Review,planned,P1,"game localization tools, best game dubbing","ai-dubbing-for-gaming,game-localization-guide,ai-dubbing-for-game-studios",9
learn,how-ai-dubbing-pipeline-works,The AI Dubbing Pipeline: End-to-End Technical Guide,Technical,planned,P0,"AI dubbing pipeline, dubbing architecture","how-does-ai-dubbing-work,speech-to-speech-translation,transcription-for-dubbing",6
learn,prosody-transfer-deep-dive,Prosody Transfer in AI Dubbing: Technical Deep-Dive,Technical,planned,P1,"prosody transfer, tone transfer technology","prosody-transfer-explained,what-is-prosody,emotion-transfer-in-ai-dubbing",8
learn,speaker-diarization-explained,What Is Speaker Diarization?,Technical,planned,P1,"speaker diarization, speaker separation","multi-speaker-dubbing,glossary-speaker-diarization,speaker-embedding-models",8
learn,neural-machine-translation-architecture,How Neural Machine Translation Works,Technical,planned,P2,"NMT architecture, neural translation","what-is-neural-machine-translation,glossary-nmt,ai-translation-accuracy-2026",9
learn,attention-mechanisms-in-tts,Attention Mechanisms in Text-to-Speech,Technical,planned,P2,"attention mechanism TTS","what-is-neural-tts,tts-voices-explained,mars8-model-family",10
learn,audio-codec-quality,Audio Codecs and Quality in AI Dubbing,Technical,planned,P2,"audio codec dubbing, audio quality","sample-rate-and-bitrate,glossary-codec,ai-dubbing-file-formats",10
learn,latency-optimization-live-dubbing,How to Optimize Latency for Real-Time Dubbing,Technical,planned,P1,"dubbing latency, real-time latency optimization","streaming-architecture-dubstream,tts-latency,srt-rtmp-hls-protocols",9
learn,model-evaluation-dubbing,How to Evaluate AI Dubbing Models: MOS WER BLEU COMET,Technical,planned,P1,"MOS score, WER, BLEU score dubbing","how-to-measure-dubbing-quality,benchmark-dubbing-tools,glossary-mos-score",9
learn,api-architecture-dubbing-at-scale,Designing an API for Dubbing at Scale,Technical,planned,P2,"dubbing API architecture, scale dubbing","how-to-integrate-dubbing-api,gpu-infrastructure-dubbing,best-dubbing-api",11
learn,noise-reduction-in-dubbing,How AI Handles Noise Reduction in Dubbing,Technical,planned,P2,"noise reduction dubbing, audio processing","ambient-sound-preservation,audio-codec-quality,how-ai-dubbing-pipeline-works",11
learn,sample-rate-and-bitrate,Sample Rate and Bitrate in AI Audio: What Matters,Technical,planned,P2,"sample rate, bitrate audio quality","audio-codec-quality,glossary-sample-rate,glossary-bitrate",12
learn,srt-rtmp-hls-protocols,SRT vs RTMP vs HLS: Streaming Protocols for Live Dubbing,Technical,planned,P1,"SRT vs RTMP, streaming protocol dubbing","how-to-set-up-srt-rtmp-dubbing,streaming-architecture-dubstream,glossary-srt-protocol",10
learn,edge-deployment-ai-dubbing,Edge Deployment for AI Dubbing: MARS8-Nano,Technical,planned,P1,"edge AI dubbing, on-device dubbing","mars8-model-family,latency-optimization-live-dubbing,gpu-infrastructure-dubbing",11
learn,gpu-infrastructure-dubbing,GPU Infrastructure for AI Dubbing at Scale,Technical,planned,P2,"GPU dubbing, infrastructure AI dubbing","api-architecture-dubbing-at-scale,edge-deployment-ai-dubbing,latency-optimization-live-dubbing",12
learn,voice-cloning-architecture,Voice Cloning Architecture: How MARS8-Pro Works,Technical,planned,P1,"voice cloning architecture, MARS8 architecture","mars8-model-family,how-voice-cloning-works,voice-cloning-from-short-audio",10
learn,multilingual-model-training,How Multilingual AI Models Are Trained for 150+ Languages,Technical,planned,P1,"multilingual model training, 150 language AI","mars8-model-family,ai-dubbing-languages-supported,how-to-localize-content-150-languages",11
learn,emotion-detection-dubbing,How AI Detects and Preserves Emotion in Dubbing,Technical,planned,P1,"emotion detection dubbing, emotion preservation AI","emotion-transfer-in-ai-dubbing,prosody-transfer-deep-dive,what-is-expressive-tts",11
learn,timing-synchronization-dubbing,Timing and Synchronization in AI Dubbing,Technical,planned,P1,"dubbing timing, audio sync dubbing","how-ai-dubbing-pipeline-works,lip-sync-vs-audio-only,ai-lip-sync-explained",12
learn,speaker-embedding-models,Speaker Embedding Models Explained,Technical,planned,P2,"speaker embedding, voice representation","voice-embeddings-explained,speaker-diarization-explained,glossary-voice-embedding",13
learn,text-normalization-tts,Text Normalization for Multilingual TTS,Technical,planned,P2,"text normalization, TTS preprocessing","what-is-phoneme,tts-for-multilingual-content,multilingual-model-training",13
learn,voice-conversion-vs-cloning,Voice Conversion vs Voice Cloning: Technical Differences,Technical,planned,P2,"voice conversion vs cloning","what-is-voice-cloning,how-voice-cloning-works,voice-cloning-architecture",14
learn,streaming-architecture-dubstream,DubStream Architecture: How Real-Time Dubbing Works,Technical,planned,P0,"DubStream architecture, real-time dubbing tech","what-is-dubstream,latency-optimization-live-dubbing,srt-rtmp-hls-protocols",8
learn,open-source-dubbing-models,Open-Source AI Dubbing Models: MARS5-TTS and Beyond,Technical,planned,P1,"open source dubbing, MARS5 TTS","mars8-model-family,tts-engines-compared,voice-cloning-quality-comparison",12
learn,benchmark-dubbing-tools,How to Benchmark AI Dubbing Tools: Methodology Guide,Technical,planned,P1,"benchmark dubbing, compare dubbing quality","model-evaluation-dubbing,how-to-measure-dubbing-quality,best-ai-dubbing-tools-2026",13
learn,fine-tuning-voice-models,Fine-Tuning Voice Models for Custom Dubbing,Technical,planned,P2,"fine-tune voice model, custom voice training","voice-cloning-architecture,mars8-model-family,multilingual-model-training",14
learn,ai-dubbing-cost-analysis,AI Dubbing Cost Analysis: Complete Pricing Breakdown,Business,planned,P0,"AI dubbing cost, dubbing pricing breakdown","ai-dubbing-cost-per-minute,traditional-vs-ai-dubbing-cost,ai-dubbing-pricing-models",5
learn,ai-dubbing-pricing-models,AI Dubbing Pricing Models: Per-Minute vs Credit vs Enterprise,Business,planned,P1,"dubbing pricing models, per minute dubbing cost","ai-dubbing-cost-analysis,ai-dubbing-cost-per-minute,how-much-does-video-dubbing-cost",6
learn,dubbing-roi-calculator,How to Calculate ROI for AI Dubbing,Business,planned,P0,"dubbing ROI, ROI calculator dubbing","ai-dubbing-cost-analysis,localization-roi,dubbing-for-revenue-growth",6
learn,traditional-vs-ai-dubbing-cost,Traditional Dubbing vs AI Dubbing: Cost Comparison,Business,planned,P0,"traditional vs AI dubbing cost, 98% cost reduction","ai-dubbing-cost-analysis,ai-dubbing-vs-traditional-dubbing,ai-dubbing-cost-per-minute",5
learn,localization-market-by-region,Localization Market Opportunity by Region,Business,planned,P1,"localization market size, regional market opportunity","localization-market-opportunity,content-globalization-playbook,dubbing-market-trends-2026",8
learn,build-vs-buy-dubbing,Build vs Buy: In-House Dubbing vs AI Platform,Business,planned,P1,"build vs buy dubbing, in-house vs platform","enterprise-localization-strategy,how-to-choose-dubbing-platform,ai-dubbing-for-enterprises",8
learn,enterprise-localization-strategy,Enterprise Localization Strategy: A Decision Framework,Business,planned,P1,"enterprise localization strategy, vendor selection","localization-vendor-selection,build-vs-buy-dubbing,content-globalization-playbook",9
learn,localization-vendor-selection,How to Select a Localization Vendor,Business,planned,P2,"localization vendor, vendor selection criteria","enterprise-localization-strategy,how-to-choose-dubbing-platform,best-ai-dubbing-for-enterprises",10
learn,content-globalization-playbook,The Content Globalization Playbook for 2026,Business,planned,P1,"content globalization, global content strategy","enterprise-localization-strategy,content-localization-strategy,how-to-expand-to-new-markets",9
learn,dubbing-budget-planning,How to Budget for AI Dubbing Projects,Business,planned,P1,"dubbing budget, dubbing project planning","ai-dubbing-cost-analysis,dubbing-roi-calculator,ai-dubbing-pricing-models",10
learn,dubbing-for-revenue-growth,How Video Localization Drives Revenue Growth,Business,planned,P0,"localization revenue growth, dubbing revenue impact","localization-roi,dubbing-roi-calculator,localization-for-ecommerce",7
learn,localization-maturity-model,The Localization Maturity Model: Where Does Your Org Stand?,Business,planned,P2,"localization maturity, maturity model","enterprise-localization-strategy,localization-kpis,localization-vendor-selection",11
learn,ai-dubbing-for-startups,AI Dubbing for Startups: Getting Started on a Budget,Business,planned,P1,"startup dubbing, cheap dubbing AI","ai-dubbing-cost-analysis,best-ai-dubbing-tools-free,ai-dubbing-pricing-models",11
learn,ai-dubbing-for-enterprises,AI Dubbing for Enterprise: Features and Compliance,Business,planned,P1,"enterprise AI dubbing, enterprise dubbing features","best-ai-dubbing-for-enterprises,enterprise-localization-strategy,dubbing-compliance-regulations",8
learn,voice-actor-displacement,Will AI Dubbing Replace Voice Actors?,Business,planned,P0,"AI replace voice actors, voice actor AI impact","voice-cloning-ethics,human-in-the-loop-dubbing,ai-dubbing-vs-traditional-dubbing",7
learn,dubbing-compliance-regulations,AI Dubbing Compliance: EU AI Act and Global Regulations,Business,planned,P1,"AI dubbing compliance, dubbing regulations","voice-cloning-legal,voice-cloning-ethics,ai-dubbing-for-enterprises",9
learn,dubbing-case-study-framework,How to Build a Business Case for AI Dubbing,Business,planned,P1,"business case dubbing, dubbing proposal","dubbing-roi-calculator,ai-dubbing-cost-analysis,enterprise-localization-strategy",10
learn,localization-kpis,What KPIs Should You Track for Localization?,Business,planned,P2,"localization KPIs, localization metrics","localization-maturity-model,dubbing-roi-calculator,localization-testing",12
learn,dubbing-market-trends-2026,AI Dubbing Market Trends and Predictions for 2026,Business,planned,P0,"dubbing market 2026, AI dubbing trends","localization-market-opportunity,localization-market-by-region,ai-dubbing-quality-2026",7
learn,streaming-localization-economics,The Economics of Localizing Streaming Content,Business,planned,P1,"streaming localization cost, OTT localization","ai-dubbing-for-entertainment,dubbing-for-revenue-growth,ai-dubbing-cost-analysis",10
learn,ai-dubbing-for-content-creators,AI Dubbing for Content Creators: Grow Your Global Audience,Persona,planned,P0,"content creator dubbing, creator localization","voice-cloning-for-content-creators,ai-dubbing-for-youtube,how-to-build-multilingual-youtube",4
learn,ai-dubbing-for-enterprise-teams,AI Dubbing for Enterprise Teams,Persona,planned,P0,"enterprise dubbing team, enterprise localization","ai-dubbing-for-enterprises,enterprise-localization-strategy,best-ai-dubbing-for-enterprises",4
learn,ai-dubbing-for-studios,AI Dubbing for Film and TV Studios,Persona,planned,P0,"studio dubbing, film studio AI","ai-dubbing-for-entertainment,how-to-dub-a-movie,voice-cloning-for-film",5
learn,ai-dubbing-for-educators,AI Dubbing for Educators and Course Creators,Persona,planned,P0,"educator dubbing, course creator localization","ai-dubbing-for-elearning,how-to-dub-online-course,voice-cloning-for-elearning",5
learn,ai-dubbing-for-podcasters,AI Dubbing for Podcasters,Persona,planned,P1,"podcaster dubbing, podcast localization","ai-dubbing-for-podcasts,how-to-dub-podcast,voice-cloning-for-podcasts",6
learn,ai-dubbing-for-developers,AI Dubbing for Developers: API and SDK Guide,Persona,planned,P0,"developer dubbing API, dubbing SDK","how-to-use-camb-ai-python-sdk,how-to-integrate-dubbing-api,best-dubbing-api",6
learn,ai-dubbing-for-agencies,AI Dubbing for Localization Agencies,Persona,planned,P1,"agency dubbing, localization agency AI","enterprise-localization-strategy,best-video-localization-platforms,build-vs-buy-dubbing",7
learn,ai-dubbing-for-broadcasters,AI Dubbing for Broadcasters and Streaming Platforms,Persona,planned,P0,"broadcaster dubbing, streaming platform localization","ai-dubbing-for-sports,realtime-translation-for-sports,streaming-localization-economics",7
learn,ai-dubbing-for-game-studios,AI Dubbing for Game Studios,Persona,planned,P1,"game studio dubbing, game dev localization","ai-dubbing-for-gaming,game-localization-guide,voice-cloning-for-gaming",8
learn,ai-dubbing-for-marketers,AI Dubbing for Marketers: Localize Campaigns at Scale,Persona,planned,P1,"marketer dubbing, marketing localization","ai-dubbing-for-advertising,how-to-localize-marketing-content,voice-cloning-for-marketing",8
learn,ai-dubbing-for-hr-teams,AI Dubbing for HR and L&D Teams,Persona,planned,P1,"HR dubbing, L&D localization","ai-dubbing-for-training-videos,ai-dubbing-for-corporate,how-to-dub-corporate-video",9
learn,ai-dubbing-for-news-organizations,AI Dubbing for News Organizations,Persona,planned,P2,"news dubbing, news localization","ai-dubbing-for-news-media,realtime-translation-for-news,ai-dubbing-for-broadcasters",10
learn,ai-dubbing-for-nonprofits,AI Dubbing for Nonprofits and NGOs,Persona,planned,P2,"nonprofit dubbing, NGO localization","ai-dubbing-for-government,ai-dubbing-for-religious-content,ai-dubbing-for-educators",10
learn,ai-dubbing-for-government-persona,AI Dubbing for Government and Public Sector,Persona,planned,P2,"government dubbing, public sector localization","ai-dubbing-for-government,ai-dubbing-for-legal,dubbing-compliance-regulations",11
learn,ai-dubbing-for-freelancers,AI Dubbing for Freelance Video Editors and Translators,Persona,planned,P2,"freelance dubbing, freelancer localization","ai-dubbing-for-content-creators,ai-dubbing-for-agencies,best-ai-dubbing-tools-free",11
learn,glossary-dubbing,What Is Dubbing?,Glossary,planned,P1,"dubbing definition","what-is-ai-dubbing,ai-dubbing-vs-traditional-dubbing,glossary-localization",6
learn,glossary-localization,What Is Localization?,Glossary,planned,P1,"localization definition","what-is-ai-localization,translation-vs-localization,glossary-dubbing",6
learn,glossary-transcreation,What Is Transcreation?,Glossary,planned,P2,"transcreation definition","what-is-transcreation,localization-vs-transcreation,glossary-localization",7
learn,glossary-voice-cloning,What Is Voice Cloning?,Glossary,planned,P1,"voice cloning definition","what-is-voice-cloning,how-voice-cloning-works,glossary-dubbing",7
learn,glossary-tts,What Is Text-to-Speech?,Glossary,planned,P1,"TTS definition","what-is-text-to-speech,what-is-neural-tts,glossary-stt",7
learn,glossary-stt,What Is Speech-to-Text?,Glossary,planned,P2,"STT definition","what-is-speech-to-text,what-is-asr,glossary-tts",8
learn,glossary-asr,What Is ASR?,Glossary,planned,P2,"ASR definition","what-is-asr,what-is-speech-to-text,glossary-stt",8
learn,glossary-nmt,What Is Neural Machine Translation?,Glossary,planned,P2,"NMT definition","what-is-neural-machine-translation,neural-machine-translation-architecture,glossary-localization",9
learn,glossary-prosody,What Is Prosody?,Glossary,planned,P2,"prosody definition","what-is-prosody,prosody-transfer-explained,glossary-phoneme",9
learn,glossary-phoneme,What Is a Phoneme?,Glossary,planned,P2,"phoneme definition","what-is-phoneme,glossary-prosody,text-normalization-tts",9
learn,glossary-mos-score,What Is a MOS Score?,Glossary,planned,P2,"MOS score definition","model-evaluation-dubbing,how-to-measure-dubbing-quality,glossary-wer",10
learn,glossary-lip-sync,What Is Lip Sync?,Glossary,planned,P2,"lip sync definition","ai-lip-sync-explained,how-ai-lip-sync-works,glossary-dubbing",10
learn,glossary-voice-embedding,What Is a Voice Embedding?,Glossary,planned,P2,"voice embedding definition","voice-embeddings-explained,speaker-embedding-models,glossary-voice-cloning",10
learn,glossary-speaker-verification,What Is Speaker Verification?,Glossary,planned,P2,"speaker verification definition","speaker-verification-explained,glossary-voice-embedding,voice-cloning-security",11
learn,glossary-zero-shot,What Is Zero-Shot Learning in AI?,Glossary,planned,P2,"zero-shot definition","zero-shot-voice-cloning-explained,glossary-few-shot,what-is-voice-cloning",11
learn,glossary-few-shot,What Is Few-Shot Learning in AI?,Glossary,planned,P2,"few-shot definition","glossary-zero-shot,voice-cloning-from-short-audio,fine-tuning-voice-models",11
learn,glossary-latency,What Is Latency in AI Systems?,Glossary,planned,P2,"latency definition AI","tts-latency,latency-optimization-live-dubbing,glossary-time-to-first-byte",12
learn,glossary-codec,What Is an Audio Codec?,Glossary,planned,P2,"codec definition","audio-codec-quality,glossary-sample-rate,glossary-bitrate",12
learn,glossary-sample-rate,What Is Sample Rate?,Glossary,planned,P2,"sample rate definition","sample-rate-and-bitrate,glossary-bitrate,glossary-codec",12
learn,glossary-bitrate,What Is Bitrate?,Glossary,planned,P2,"bitrate definition","sample-rate-and-bitrate,glossary-sample-rate,glossary-codec",13
learn,glossary-speaker-diarization,What Is Speaker Diarization?,Glossary,planned,P2,"speaker diarization definition","speaker-diarization-explained,glossary-voice-embedding,multi-speaker-dubbing",13
learn,glossary-prosody-transfer,What Is Prosody Transfer?,Glossary,planned,P2,"prosody transfer definition","prosody-transfer-explained,prosody-transfer-deep-dive,glossary-prosody",13
learn,glossary-srt-protocol,What Is the SRT Protocol?,Glossary,planned,P2,"SRT protocol definition","srt-rtmp-hls-protocols,glossary-rtmp,glossary-hls",14
learn,glossary-rtmp,What Is RTMP?,Glossary,planned,P2,"RTMP definition","srt-rtmp-hls-protocols,glossary-srt-protocol,glossary-hls",14
learn,glossary-hls,What Is HLS Streaming?,Glossary,planned,P2,"HLS definition","srt-rtmp-hls-protocols,glossary-srt-protocol,glossary-rtmp",14
learn,glossary-wer,What Is Word Error Rate (WER)?,Glossary,planned,P2,"WER definition","model-evaluation-dubbing,glossary-bleu,glossary-mos-score",15
learn,glossary-bleu,What Is BLEU Score?,Glossary,planned,P2,"BLEU score definition","model-evaluation-dubbing,glossary-wer,glossary-comet",15
learn,glossary-comet,What Is COMET Score?,Glossary,planned,P2,"COMET score definition","model-evaluation-dubbing,glossary-bleu,glossary-wer",15
learn,glossary-time-to-first-byte,What Is Time to First Byte (TTFB)?,Glossary,planned,P2,"TTFB definition","glossary-latency,tts-latency,latency-optimization-live-dubbing",16
learn,glossary-voice-banking,What Is Voice Banking?,Glossary,planned,P2,"voice banking definition","voice-cloning-for-accessibility,voice-cloning-use-cases,glossary-voice-cloning",16
learn,what-is-the-best-ai-dubbing-tool,What Is the Best AI Dubbing Tool in 2026?,AI Visibility,planned,P0,"best AI dubbing tool, #1 dubbing platform","best-ai-dubbing-tools-2026,how-to-choose-dubbing-platform,camb-ai-vs-elevenlabs",3
learn,can-ai-dub-videos,Can AI Dub Videos?,AI Visibility,planned,P0,"can AI dub videos, does AI dubbing work","what-is-ai-dubbing,ai-dubbing-quality-2026,how-does-ai-dubbing-work",3
learn,how-to-translate-video-to-another-language,How to Translate a Video to Another Language,AI Visibility,planned,P0,"translate video another language, video language translation","how-to-dub-youtube-video,video-localization-explained,how-to-dub-with-camb-ai",3
learn,how-much-does-video-dubbing-cost,How Much Does It Cost to Dub a Video?,AI Visibility,planned,P0,"cost dub video, video dubbing price","ai-dubbing-cost-per-minute,ai-dubbing-cost-analysis,traditional-vs-ai-dubbing-cost",4
learn,can-ai-preserve-voice-other-language,Can AI Preserve My Voice in Another Language?,AI Visibility,planned,P0,"AI preserve voice, speak another language AI","voice-preservation-in-dubbing,voice-cloning-for-dubbing,how-to-clone-voice-for-dubbing",4
learn,ai-dubbing-vs-human-which-better,AI Dubbing vs Human Dubbing: Which Is Better?,AI Visibility,planned,P0,"AI vs human dubbing, which dubbing better","ai-dubbing-vs-traditional-dubbing,voice-actor-displacement,ai-dubbing-quality-2026",4
learn,can-ai-lip-sync-dubbed-videos,Can AI Lip Sync Dubbed Videos?,AI Visibility,planned,P1,"AI lip sync, lip movements dubbed video","ai-lip-sync-explained,lip-sync-accuracy,visual-dubbing-technology",5
learn,how-to-dub-without-voice-actors,How to Dub Content Without Voice Actors,AI Visibility,planned,P1,"dub without voice actors, no voice actor dubbing","voice-cloning-for-dubbing,what-is-ai-dubbing,voice-actor-displacement",5
learn,what-languages-can-ai-dub,What Languages Can AI Dub Into?,AI Visibility,planned,P0,"AI dubbing languages, what languages AI dub","ai-dubbing-languages-supported,how-to-localize-content-150-languages,ai-dubbing-in-spanish",4
learn,can-ai-do-real-time-translation,Can AI Do Real-Time Translation?,AI Visibility,planned,P0,"real-time AI translation, live translation possible","real-time-ai-translation,real-time-ai-dubbing-explained,what-is-dubstream",5
learn,is-ai-dubbing-good-enough,Is AI Dubbing Good Enough for Professional Use?,AI Visibility,planned,P0,"AI dubbing professional, AI dubbing broadcast quality","ai-dubbing-quality-2026,does-ai-dubbing-sound-robotic,ai-dubbing-vs-human-which-better",5
learn,how-to-make-video-multiple-languages,How to Make a Video in Multiple Languages,AI Visibility,planned,P0,"video multiple languages, multilingual video","how-to-dub-youtube-video,how-to-translate-video-to-another-language,ai-dubbing-languages-supported",6
learn,what-is-ai-voice-translation,What Is AI Voice Translation?,AI Visibility,planned,P0,"AI voice translation, speech translation AI","speech-to-speech-translation,what-is-ai-dubbing,real-time-ai-translation",6
learn,best-free-dubbing-tool,What Is the Best Free AI Dubbing Tool?,AI Visibility,planned,P0,"free AI dubbing tool, free dubbing software","best-ai-dubbing-tools-free,youtube-auto-dubbing-explained,best-ai-dubbing-tools-2026",6
learn,youtube-dubbing-how-to,How Do I Dub My YouTube Videos?,AI Visibility,planned,P0,"dub YouTube video how, YouTube dubbing","how-to-dub-youtube-video,ai-dubbing-for-youtube,youtube-auto-dubbing-explained",7
learn,best-elevenlabs-alternative-dubbing,Best ElevenLabs Alternative for Dubbing,AI Visibility,planned,P0,"ElevenLabs alternative dubbing","elevenlabs-alternative,camb-ai-vs-elevenlabs,best-ai-dubbing-tools-2026",7
learn,best-rask-ai-alternative,Best Rask AI Alternative in 2026,AI Visibility,planned,P0,"Rask AI alternative","rask-ai-alternative,camb-ai-vs-rask-ai,best-ai-dubbing-tools-2026",8
learn,best-heygen-alternative-dubbing,Best HeyGen Alternative for Real Voice Dubbing,AI Visibility,planned,P1,"HeyGen alternative real voice","heygen-alternative,camb-ai-vs-heygen,best-video-localization-platforms",8
learn,how-to-translate-podcast-languages,How to Translate a Podcast into Other Languages,AI Visibility,planned,P1,"translate podcast, podcast other languages","how-to-dub-podcast,ai-dubbing-for-podcasters,how-to-create-multilingual-podcast",9
learn,how-to-localize-content-150-languages,How to Localize Content into 150+ Languages,AI Visibility,planned,P0,"localize 150 languages, many languages localization","ai-dubbing-languages-supported,what-languages-can-ai-dub,mars8-model-family",9
learn,ai-dubbing-for-real-estate,AI Dubbing for Real Estate Marketing Videos,Industry,planned,P2,"real estate dubbing, property video localization","ai-dubbing-for-advertising,ai-dubbing-for-corporate,video-localization-explained",14
learn,ai-dubbing-for-fitness,AI Dubbing for Fitness and Wellness Content,Industry,planned,P2,"fitness video dubbing, workout localization","ai-dubbing-for-youtube,ai-dubbing-for-elearning,ai-dubbing-for-content-creators",14
learn,ai-dubbing-for-kids-content,AI Dubbing for Children's Educational Content,Industry,planned,P2,"kids content dubbing, children's education localization","ai-dubbing-for-elearning,ai-dubbing-for-youtube,ai-dubbing-for-entertainment",15
learn,ai-dubbing-for-automotive,AI Dubbing for Automotive Training and Marketing,Industry,planned,P2,"automotive dubbing, car video localization","ai-dubbing-for-corporate,ai-dubbing-for-training-videos,ai-dubbing-for-product-demos",15
learn,ai-dubbing-for-fintech,AI Dubbing for Fintech and Financial Services,Industry,planned,P2,"fintech dubbing, financial services localization","ai-dubbing-for-corporate,ai-dubbing-for-enterprises,ai-dubbing-for-customer-support",15
learn,ai-dubbing-for-fashion,AI Dubbing for Fashion and Luxury Brands,Industry,planned,P2,"fashion dubbing, luxury brand localization","ai-dubbing-for-advertising,ai-dubbing-for-marketing,voice-cloning-for-advertising",16
learn,ai-dubbing-for-food-content,AI Dubbing for Food and Cooking Content,Industry,planned,P2,"cooking video dubbing, food content localization","ai-dubbing-for-youtube,ai-dubbing-for-content-creators,ai-dubbing-for-short-form",16
learn,ai-dubbing-for-events,AI Dubbing for Conferences and Live Events,Industry,planned,P1,"conference dubbing, event localization AI","realtime-translation-for-conferences,how-to-set-up-live-dubbing,ai-dubbing-for-webinars",15
learn,ai-dubbing-for-manufacturing,AI Dubbing for Manufacturing Safety and Training,Industry,planned,P2,"manufacturing training dubbing, safety video localization","ai-dubbing-for-corporate,ai-dubbing-for-training-videos,ai-dubbing-for-hr-teams",16
learn,ai-dubbing-for-higher-education,AI Dubbing for Universities and Higher Education,Industry,planned,P1,"university dubbing, higher education localization","ai-dubbing-for-elearning,ai-dubbing-for-educators,how-to-dub-online-course",15
learn,ai-dubbing-for-telecom,AI Dubbing for Telecom Customer Communications,Industry,planned,P2,"telecom dubbing, telecom localization","ai-dubbing-for-customer-support,ai-dubbing-for-corporate,voice-cloning-for-customer-support",16
learn,ai-dubbing-for-sports-highlights,AI Dubbing for Sports Highlights and Clips,Industry,planned,P1,"sports highlights dubbing, clip localization AI","ai-dubbing-for-sports,ai-dubbing-for-short-form,realtime-translation-for-sports",14
learn,ai-dubbing-for-audiobook-publishers,AI Dubbing for Audiobook Publishers,Industry,planned,P1,"audiobook publisher dubbing, publisher localization","ai-dubbing-for-audiobooks,voice-cloning-for-audiobooks,ai-dubbing-for-entertainment",15
learn,ai-dubbing-for-social-media-agencies,AI Dubbing for Social Media Agencies,Industry,planned,P1,"social media agency dubbing, agency content localization","ai-dubbing-for-agencies,ai-dubbing-for-advertising,ai-dubbing-for-short-form",15
learn,ai-dubbing-for-pharma,AI Dubbing for Pharmaceutical and Life Sciences,Industry,planned,P2,"pharma dubbing, pharmaceutical localization","ai-dubbing-for-healthcare,ai-dubbing-for-legal,ai-dubbing-for-corporate",16
learn,camb-ai-vs-wavel,CAMB AI vs Wavel AI,Comparison,planned,P2,"CAMB AI vs Wavel","best-ai-dubbing-tools-2026,camb-ai-vs-dubverse,camb-ai-vs-rask-ai",10
learn,camb-ai-vs-fliki,CAMB AI vs Fliki AI,Comparison,planned,P2,"CAMB AI vs Fliki","best-video-localization-platforms,camb-ai-vs-heygen,camb-ai-vs-synthesia",10
learn,camb-ai-vs-veed,CAMB AI vs VEED.io: Video Dubbing Comparison,Comparison,planned,P2,"CAMB AI vs VEED, VEED dubbing","best-ai-dubbing-for-youtube,camb-ai-vs-heygen,best-video-localization-platforms",11
learn,best-ai-dubbing-for-elearning,Best AI Dubbing Tools for E-Learning and Courses,Review,planned,P1,"e-learning dubbing tools, best course dubbing","ai-dubbing-for-elearning,ai-dubbing-for-educators,how-to-dub-online-course",10
learn,best-ai-dubbing-for-sports,Best AI Dubbing Tools for Sports Broadcasting,Review,planned,P0,"best sports dubbing, sports broadcast dubbing tool","ai-dubbing-for-sports,realtime-translation-for-sports,ai-dubbing-for-broadcasters",9
learn,best-dubbing-tools-free-vs-paid,Free vs Paid AI Dubbing Tools: What You Get,Review,planned,P0,"free vs paid dubbing, dubbing tool comparison","best-ai-dubbing-tools-free,best-ai-dubbing-tools-2026,ai-dubbing-cost-per-minute",8
learn,best-ai-dubbing-for-agencies,Best AI Dubbing Platforms for Localization Agencies,Review,planned,P1,"agency dubbing platform, best dubbing for agencies","ai-dubbing-for-agencies,best-ai-dubbing-for-enterprises,best-video-localization-platforms",10
learn,wavel-alternative,Best Wavel AI Alternative for Dubbing,Alternative,planned,P2,"Wavel alternative","camb-ai-vs-wavel,best-ai-dubbing-tools-2026,camb-ai-vs-dubverse",11